,B/S,Date,Symbol,Company,Qty,Net Value,Unit Value
0,Buy,03-Apr-2023 16:44,ATLANTA,Atlanta  Limited,94000,1467275,15.609308510638298
1,Sell,03-Apr-2023 16:35,ZENTEC,Zen Technologies Limited,40000,13108406,327.71015
2,Sell,03-Apr-2023 16:19,PSPPROJECT,PSP Projects Limited,620000,410981774,662.8738290322581
3,Buy,03-Apr-2023 16:11,CENTRUM,Centrum Capital Limited,7700,147378,19.14
4,Buy,03-Apr-2023 16:11,CENTRUM,Centrum Capital Limited,100000,1909336,19.09336
5,Pledge Revoke,03-Apr-2023 16:07,FCONSUMER,Future Consumer Limited,7985100,14053776,1.76
6,Pledge Revoke,03-Apr-2023 16:05,FCONSUMER,Future Consumer Limited,23561799,41468766,1.7599999898140206
7,Buy,03-Apr-2023 15:43,LYKALABS,Lyka Labs Limited,634429,0,0.0
8,Sell,03-Apr-2023 15:43,LYKALABS,Lyka Labs Limited,634429,0,0.0
9,Buy,03-Apr-2023 15:33,ORIENTBELL,Orient Bell Limited,18932,9560660,505.0
10,Buy,03-Apr-2023 15:33,ORIENTBELL,Orient Bell Limited,14000,7069720,504.98
11,Buy,03-Apr-2023 15:33,ORIENTBELL,Orient Bell Limited,10000,5050000,505.0
12,Buy,03-Apr-2023 15:24,CYBERTECH,Cybertech Systems And Software Limited,43750,4376329,100.03037714285715
13,Buy,03-Apr-2023 14:32,KOPRAN,Kopran Limited,28500,3076005,107.93
14,Buy,03-Apr-2023 14:29,INDOCO,Indoco Remedies Limited,1500,495750,330.5
15,Buy,03-Apr-2023 14:29,INDOCO,Indoco Remedies Limited,2022,668777,330.75024727992087
16,Buy,03-Apr-2023 14:28,ZOTA,Zota Health Care LImited,21500,6197375,288.25
17,Buy,03-Apr-2023 14:26,KOPRAN,Kopran Limited,65500,7013740,107.08
18,Buy,03-Apr-2023 14:09,FMNL,Future Market Networks Limited,191968,777470,4.049997916319387
19,Sell,03-Apr-2023 14:09,FMNL,Future Market Networks Limited,191968,777470,4.049997916319387
20,Buy,03-Apr-2023 13:56,SUPRIYA,Supriya Lifescience Limited,13000,2472864,190.2203076923077
21,Buy,03-Apr-2023 13:56,HERANBA,Heranba Industries Limited,17000,4794335,282.0197058823529
22,Pledge Revoke,03-Apr-2023 13:27,GATI,GATI Limited,20000,2063000,103.15
23,Sell,03-Apr-2023 13:16,ARMANFIN,Arman Financial Services Limited,500,669871,1339.742
24,Sell,03-Apr-2023 13:06,BAJAJFINSV,Bajaj Finserv Limited,405000,499565653,1233.495439506173
25,Buy,03-Apr-2023 13:06,BAJAJFINSV,Bajaj Finserv Limited,405000,500859413,1236.6899086419753
26,Sell,03-Apr-2023 12:45,ZOTA,Zota Health Care LImited,21500,6197375,288.25
27,Buy,02-Apr-2023 22:07,KIRLOSIND,Kirloskar Industries Limited,2904,7072823,2435.5451101928375
28,Buy,02-Apr-2023 22:03,KIRLOSIND,Kirloskar Industries Limited,2904,7072823,2435.5451101928375
29,Sell,02-Apr-2023 21:58,KIRLOSIND,Kirloskar Industries Limited,4380,10582163,2416.0189497716897
30,Sell,02-Apr-2023 21:52,KIRLOSIND,Kirloskar Industries Limited,1428,3450075,2416.018907563025
31,Buy,01-Apr-2023 22:52,TIRUMALCHM,Thirumalai Chemicals Limited,2500,437625,175.05
32,Buy,01-Apr-2023 18:37,KARURVYSYA,Karur Vysya Bank Limited,12500,1297413,103.79304
33,Buy,01-Apr-2023 16:16,BAJAJHLDNG,Bajaj Holdings & Investment Limited,3500,21189475,6054.135714285714
34,Buy,01-Apr-2023 15:20,MAHICKRA,Mahickra Chemicals Limited,1500,148350,98.9
35,Buy,01-Apr-2023 15:20,MAHICKRA,Mahickra Chemicals Limited,1500,144000,96.0
36,Buy,01-Apr-2023 14:09,MANAKSIA,Manaksia Limited,2381000,252386000,106.0
37,Sell,01-Apr-2023 14:09,MANAKSIA,Manaksia Limited,1291000,136846000,106.0
38,Sell,01-Apr-2023 14:09,MANAKSIA,Manaksia Limited,1090000,115540000,106.0
39,Sell,01-Apr-2023 14:04,KIRLOSENG,Kirloskar Oil Engines Limited,21427,8408917,392.4449059597704
40,Buy,01-Apr-2023 14:04,KIRLOSENG,Kirloskar Oil Engines Limited,77817,30785603,395.61539252348456
41,Sell,01-Apr-2023 14:04,KIRLOSENG,Kirloskar Oil Engines Limited,134208,52669287,392.44521190987126
42,Buy,01-Apr-2023 14:04,KIRLOSENG,Kirloskar Oil Engines Limited,77818,30785998,395.61538461538464
43,Buy,01-Apr-2023 13:42,VERANDA,Veranda Learning Solutions Limited,13000,2668798,205.29215384615384
44,Buy,01-Apr-2023 13:28,WORTH,Worth Peripherals Limited,6244,579755,92.84993593850096
45,Buy,01-Apr-2023 13:16,VERANDA,Veranda Learning Solutions Limited,24500,4989323,203.6458367346939
46,Buy,01-Apr-2023 13:11,VERANDA,Veranda Learning Solutions Limited,13000,2681036,206.23353846153847
47,Sell,01-Apr-2023 12:38,SVPGLOB,SVP GLOBAL TEXTILES LIMITED,5805428,60265454,10.380880444990447
48,Buy,01-Apr-2023 11:36,LINC,Linc Limited,6595,3419151,518.4459438968915
49,Buy,31-Mar-2023 21:00,BEPL,Bhansali Engineering Polymers Limited,300000,28799100,95.997
50,Buy,31-Mar-2023 21:00,BEPL,Bhansali Engineering Polymers Limited,400000,38458000,96.145
51,Buy,31-Mar-2023 21:00,BEPL,Bhansali Engineering Polymers Limited,300000,29099490,96.9983
52,Buy,31-Mar-2023 21:00,BEPL,Bhansali Engineering Polymers Limited,48000,4700539,97.92789583333334
53,Buy,31-Mar-2023 21:00,BEPL,Bhansali Engineering Polymers Limited,125000,11999788,95.998304
54,Buy,31-Mar-2023 21:00,BEPL,Bhansali Engineering Polymers Limited,50000,4849965,96.9993
55,Buy,31-Mar-2023 21:00,BEPL,Bhansali Engineering Polymers Limited,50000,4849140,96.9828
56,Buy,31-Mar-2023 19:57,MOTILALOFS,Motilal Oswal Financial Services Limited,35190,20386559,579.3281898266553
57,Buy,31-Mar-2023 19:57,MOTILALOFS,Motilal Oswal Financial Services Limited,113,65540,580.0
58,Buy,31-Mar-2023 19:57,MOTILALOFS,Motilal Oswal Financial Services Limited,289,167159,578.4048442906575
59,Buy,31-Mar-2023 19:57,MOTILALOFS,Motilal Oswal Financial Services Limited,34875,20184488,578.7666810035843
60,Sell,31-Mar-2023 19:33,METROPOLIS,Metropolis Healthcare Limited,1280266,0,0.0
61,Buy,31-Mar-2023 19:33,METROPOLIS,Metropolis Healthcare Limited,1280266,0,0.0
62,Pledge,31-Mar-2023 19:07,CHAMBLFERT,Chambal Fertilizers & Chemicals Limited,33000,8279700,250.9
63,Pledge,31-Mar-2023 19:00,CHAMBLFERT,Chambal Fertilizers & Chemicals Limited,58000,14552200,250.9
64,Buy,31-Mar-2023 18:52,DBOL,Dhampur Bio Organics Limited,150000,20572500,137.15
65,Pledge,31-Mar-2023 18:45,CHAMBLFERT,Chambal Fertilizers & Chemicals Limited,150000,38212500,254.75
66,Sell,31-Mar-2023 18:34,SHRENIK,Shrenik Limited,1274778,1146918,0.8997001830907029
67,Buy,31-Mar-2023 18:30,VITAL,Vital Chemtech Limited,36000,2766600,76.85
68,Buy,31-Mar-2023 18:28,VITAL,Vital Chemtech Limited,36000,2766600,76.85
69,Buy,31-Mar-2023 18:00,ASIANENE,Asian Energy Services Limited,50932,5530706,108.59000235608262
70,Sell,31-Mar-2023 17:53,KEI,KEI Industries Limited,200000,340120549,1700.602745
71,Buy,31-Mar-2023 17:50,KANPRPLA,Kanpur Plastipack Limited,56665,0,0.0
72,Buy,31-Mar-2023 17:50,KANPRPLA,Kanpur Plastipack Limited,150000,0,0.0
73,Buy,31-Mar-2023 17:50,KANPRPLA,Kanpur Plastipack Limited,100000,0,0.0
74,Sell,31-Mar-2023 17:50,KANPRPLA,Kanpur Plastipack Limited,406665,0,0.0
75,Buy,31-Mar-2023 17:50,KANPRPLA,Kanpur Plastipack Limited,100000,0,0.0
76,Buy,31-Mar-2023 17:42,VINEETLAB,Vineet Laboratories Limited,3000,124860,41.62
77,Buy,31-Mar-2023 17:24,SDBL,Som Distilleries & Breweries Limited,35000,5198711,148.5346
78,Sell,31-Mar-2023 17:00,SPLIL,SPL Industries Limited,151759,0,0.0
79,Buy,31-Mar-2023 16:59,ASHAPURMIN,Ashapura Minechem Limited,50000,0,0.0
80,Buy,31-Mar-2023 16:46,SPLIL,SPL Industries Limited,151759,0,0.0
81,Buy,31-Mar-2023 16:42,IGPL,IG Petrochemicals Limited,125900,0,0.0
82,Sell,31-Mar-2023 16:42,IGPL,IG Petrochemicals Limited,125900,0,0.0
83,Buy,31-Mar-2023 15:24,UWCSL,Ultra Wiring Connectivity System Limited,8000,753600,94.2
84,Buy,31-Mar-2023 15:02,BECTORFOOD,Mrs. Bectors Food Specialities Limited,10000,5328772,532.8772
85,Buy,31-Mar-2023 14:35,CONFIPET,Confidence Petroleum India Limited,905000,52164200,57.64
86,Buy,31-Mar-2023 14:21,SUPRIYA,Supriya Lifescience Limited,14000,2488999,177.78564285714285
87,Buy,31-Mar-2023 13:54,SOBHA,Sobha Limited,20000,8385289,419.26445
88,Buy,31-Mar-2023 13:26,LYKALABS,Lyka Labs Limited,148000,0,0.0
89,Sell,31-Mar-2023 13:26,LYKALABS,Lyka Labs Limited,148000,0,0.0
90,Buy,31-Mar-2023 12:40,AVONMORE,Avonmore Capital & Management Services  Limited,10300,619331,60.12922330097087
91,Sell,31-Mar-2023 12:07,HITECH,Hi-Tech Pipes Limited,2756000,0,0.0
92,Buy,31-Mar-2023 12:07,HITECH,Hi-Tech Pipes Limited,1378000,0,0.0
93,Buy,31-Mar-2023 12:07,HITECH,Hi-Tech Pipes Limited,1378000,0,0.0
94,Buy,31-Mar-2023 12:06,KAKATCEM,Kakatiya Cement Sugar & Industries Limited,121,22951,189.67768595041323
95,Buy,31-Mar-2023 11:59,ALBERTDAVD,Albert David Limited,1006,523437,520.3151093439363
96,Buy,31-Mar-2023 11:45,NAHARSPING,Nahar Spinning Mills Limited,8500,2033890,239.28117647058824
97,Buy,31-Mar-2023 11:45,NAHARSPING,Nahar Spinning Mills Limited,1500,359354,239.56933333333333
98,Buy,31-Mar-2023 11:25,ALMONDZ,Almondz Global Securities Limited,1001,59935,59.875124875124875
99,Buy,31-Mar-2023 11:13,CENTRUM,Centrum Capital Limited,10000,182067,18.2067
100,Buy,30-Mar-2023 21:39,TIRUMALCHM,Thirumalai Chemicals Limited,8400,1471344,175.16
101,Buy,30-Mar-2023 19:45,STERTOOLS,Sterling Tools Limited,1799166,0,0.0
102,Buy,30-Mar-2023 19:45,STERTOOLS,Sterling Tools Limited,1027957,0,0.0
103,Buy,30-Mar-2023 19:45,STERTOOLS,Sterling Tools Limited,1027957,0,0.0
104,Sell,30-Mar-2023 19:45,STERTOOLS,Sterling Tools Limited,3855080,0,0.0
105,Buy,30-Mar-2023 18:16,BAJAJHLDNG,Bajaj Holdings & Investment Limited,4829,29216189,6050.153033754401
106,Buy,30-Mar-2023 18:14,ROHLTD,Royal Orchid Hotels Limited,397200,99846930,251.37696374622357
107,Buy,30-Mar-2023 18:07,SUNTECK,Sunteck Realty Limited,25000,6880305,275.2122
108,Buy,30-Mar-2023 18:05,DBREALTY,D B Realty Limited,4400000,189860000,43.15
109,Buy,30-Mar-2023 18:04,DBREALTY,D B Realty Limited,4400000,189860000,43.15
110,Buy,30-Mar-2023 17:59,MASTEK,Mastek Limited,6000,9052796,1508.7993333333334
111,Pledge,30-Mar-2023 17:51,JINDALSTEL,Jindal Steel & Power Limited,750000,409050000,545.4
112,Buy,30-Mar-2023 17:36,WSTCSTPAPR,West Coast Paper Mills Limited,2000,1059078,529.539
113,Buy,30-Mar-2023 17:19,NRBBEARING,NRB Bearing Limited,36955,4858900,131.48153159247732
114,Buy,30-Mar-2023 17:19,NRBBEARING,NRB Bearing Limited,1408,185648,131.85227272727272
115,Buy,30-Mar-2023 17:12,SMARTLINK,Smartlink Holdings Limited,37842,5666465,149.74010358860525
116,Buy,30-Mar-2023 17:12,SMARTLINK,Smartlink Holdings Limited,568,83222,146.51760563380282
117,Buy,30-Mar-2023 17:12,SMARTLINK,Smartlink Holdings Limited,16094,2358064,146.51820554243818
118,Buy,30-Mar-2023 17:12,SMARTLINK,Smartlink Holdings Limited,414,61992,149.7391304347826
119,Buy,30-Mar-2023 17:01,KARURVYSYA,Karur Vysya Bank Limited,25000,2522500,100.9
120,Buy,30-Mar-2023 16:59,NAVKARCORP,Navkar Corporation Limited,417075,21535612,51.634866630701914
121,Buy,30-Mar-2023 16:59,NAVKARCORP,Navkar Corporation Limited,550000,31772499,57.76818
122,Buy,30-Mar-2023 16:59,NAVKARCORP,Navkar Corporation Limited,250000,14454147,57.816588
123,Buy,30-Mar-2023 16:59,NAVKARCORP,Navkar Corporation Limited,100000,4729775,47.29775
124,Buy,30-Mar-2023 16:59,NAVKARCORP,Navkar Corporation Limited,432713,21732624,50.22410697159549
125,Buy,30-Mar-2023 16:59,NAVKARCORP,Navkar Corporation Limited,50000,2472451,49.44902
126,Pledge,30-Mar-2023 16:59,EMAMILTD,Emami Limited,700000,244755000,349.65
127,Buy,30-Mar-2023 16:54,SHANKARA,Shankara Building Products Limited,5500,3420065,621.83
128,Buy,30-Mar-2023 16:53,CREST,Crest Ventures Limited,18844,2823483,149.83458925918063
129,Pledge,30-Mar-2023 16:44,GSTL,Globesecure Technologies Limited,70770,6369300,90.0
130,Sell,30-Mar-2023 16:27,MBAPL,Madhya Bharat Agro Products Limited,800,459352,574.19
131,Buy,30-Mar-2023 16:26,QUESS,Quess Corp Limited,6600000,2540935980,384.9903
132,Buy,30-Mar-2023 16:20,DOLLAR,Dollar Industries Limited,10000,3347000,334.7
133,Buy,30-Mar-2023 16:20,QUESS,Quess Corp Limited,65000,23272713,358.04173846153844
134,Buy,30-Mar-2023 16:00,WORTH,Worth Peripherals Limited,6719,575012,85.57999702336657
135,Buy,30-Mar-2023 15:51,JAICORPLTD,Jai Corp Limited,260000,34505225,132.71240384615385
136,Pledge,30-Mar-2023 15:34,MANGALAM,Mangalam Drugs And Organics Limited,50000,5382500,107.65
137,Buy,30-Mar-2023 15:22,BSL,BSL Limited,27938,4295467,153.74998210322858
138,Buy,30-Mar-2023 15:14,VERANDA,Veranda Learning Solutions Limited,28000,5191317,185.40417857142856
139,Buy,30-Mar-2023 15:09,VERANDA,Veranda Learning Solutions Limited,25000,4848025,193.921
140,Buy,30-Mar-2023 15:03,VERANDA,Veranda Learning Solutions Limited,25000,4850967,194.03868
141,Sell,30-Mar-2023 14:55,INDOAMIN,Indo Amines Limited,84387,5911309,70.04999585244173
142,Buy,30-Mar-2023 14:26,AMEYA,Ameya Precision Engineers Limited,4000,134000,33.5
143,Buy,30-Mar-2023 14:10,SHAKTIPUMP,Shakti Pumps (India) Limited,5000,2046916,409.3832
144,Buy,30-Mar-2023 13:39,PRAKASHSTL,Prakash Steelage Limited,10000,34280,3.428
145,Buy,30-Mar-2023 13:35,PRAKASHSTL,Prakash Steelage Limited,10000,36500,3.65
146,Sell,30-Mar-2023 12:25,GRPLTD,GRP Limited,40,107450,2686.25
147,Pledge Revoke,30-Mar-2023 12:17,SWSOLAR,Sterling and Wilson Renewable Energy Limited,1000000,304800000,304.8
148,Buy,30-Mar-2023 11:37,MAHASTEEL,Mahamaya Steel Industries Limited,1664000,87343360,52.49
149,Buy,30-Mar-2023 03:37,HIRECT,Hind Rectifiers Limited,550000,0,0.0
150,Buy,29-Mar-2023 22:35,GREAVESCOT,Greaves Cotton Limited,20000,2496800,124.84
151,Buy,29-Mar-2023 22:35,GREAVESCOT,Greaves Cotton Limited,20600,2592304,125.84
152,Buy,29-Mar-2023 22:35,GREAVESCOT,Greaves Cotton Limited,10000,1245000,124.5
153,Buy,29-Mar-2023 22:35,GREAVESCOT,Greaves Cotton Limited,10000,1240000,124.0
154,Buy,29-Mar-2023 22:35,GREAVESCOT,Greaves Cotton Limited,10000,1242500,124.25
155,Buy,29-Mar-2023 22:35,GREAVESCOT,Greaves Cotton Limited,10000,1244900,124.49
156,Buy,29-Mar-2023 22:35,GREAVESCOT,Greaves Cotton Limited,20000,2442200,122.11
157,Buy,29-Mar-2023 22:35,GREAVESCOT,Greaves Cotton Limited,20600,2592304,125.84
158,Buy,29-Mar-2023 22:35,GREAVESCOT,Greaves Cotton Limited,20000,2496800,124.84
159,Buy,29-Mar-2023 22:35,GREAVESCOT,Greaves Cotton Limited,10000,1246500,124.65
160,Buy,29-Mar-2023 22:35,GREAVESCOT,Greaves Cotton Limited,10000,1245000,124.5
161,Buy,29-Mar-2023 22:35,GREAVESCOT,Greaves Cotton Limited,10000,1240000,124.0
162,Buy,29-Mar-2023 22:35,GREAVESCOT,Greaves Cotton Limited,10000,1242500,124.25
163,Buy,29-Mar-2023 22:35,GREAVESCOT,Greaves Cotton Limited,10000,1244900,124.49
164,Buy,29-Mar-2023 22:35,GREAVESCOT,Greaves Cotton Limited,20000,2442200,122.11
165,Buy,29-Mar-2023 22:35,GREAVESCOT,Greaves Cotton Limited,10000,1246500,124.65
166,Buy,29-Mar-2023 21:31,BAJAJHCARE,Bajaj Healthcare Limited,707,201073,284.4031117397454
167,Buy,29-Mar-2023 21:29,BAJAJHCARE,Bajaj Healthcare Limited,4100,1187966,289.7478048780488
168,Buy,29-Mar-2023 21:24,BAJAJHCARE,Bajaj Healthcare Limited,13750,3970593,288.7704
169,Buy,29-Mar-2023 20:50,HEG,HEG Limited,316516,294154144,929.3499981043612
170,Buy,29-Mar-2023 20:36,KARURVYSYA,Karur Vysya Bank Limited,12500,1217868,97.42944
171,Buy,29-Mar-2023 20:10,TIMETECHNO,Time Technoplast Limited,301000,22231832,73.85990697674418
172,Buy,29-Mar-2023 20:07,PVP,PVP Ventures Limited,6000000,35998800,5.9998
173,Buy,29-Mar-2023 19:44,ZYDUSWELL,Zydus Wellness Limited,247,366437,1483.5506072874493
174,Buy,29-Mar-2023 19:44,ZYDUSWELL,Zydus Wellness Limited,150,222527,1483.5133333333333
175,Sell,29-Mar-2023 19:34,BBTC,Bombay Burmah Trading Corporation Limited,950,874000,920.0
176,Sell,29-Mar-2023 19:29,BBTC,Bombay Burmah Trading Corporation Limited,950,874000,920.0
177,Buy,29-Mar-2023 18:38,ORIENTBELL,Orient Bell Limited,14000,6987700,499.12142857142857
178,Buy,29-Mar-2023 18:38,ORIENTBELL,Orient Bell Limited,27000,13499730,499.99
179,Buy,29-Mar-2023 18:38,ORIENTBELL,Orient Bell Limited,4700,2350000,500.0
180,Buy,29-Mar-2023 18:38,ORIENTBELL,Orient Bell Limited,23289,11626589,499.2309244707802
181,Pledge,29-Mar-2023 18:38,CHAMBLFERT,Chambal Fertilizers & Chemicals Limited,95840,24415240,254.75
182,Buy,29-Mar-2023 18:33,SUNTECK,Sunteck Realty Limited,10000,2889327,288.9327
183,Buy,29-Mar-2023 18:30,UWCSL,Ultra Wiring Connectivity System Limited,8000,752800,94.1
184,Pledge,29-Mar-2023 18:26,CHAMBLFERT,Chambal Fertilizers & Chemicals Limited,100000,26165000,261.65
185,Buy,29-Mar-2023 18:24,FILATEX,Filatex India Limited,125000,4376462,35.011696
186,Buy,29-Mar-2023 18:22,UWCSL,Ultra Wiring Connectivity System Limited,8000,740800,92.6
187,Buy,29-Mar-2023 18:21,PRAKASHSTL,Prakash Steelage Limited,10000,38500,3.85
188,Pledge Revoke,29-Mar-2023 18:20,CHAMBLFERT,Chambal Fertilizers & Chemicals Limited,100000,26165000,261.65
189,Pledge,29-Mar-2023 18:12,CHAMBLFERT,Chambal Fertilizers & Chemicals Limited,25000,6541250,261.65
190,Buy,29-Mar-2023 18:06,KMSUGAR,K.M.Sugar Mills Limited,2000,52000,26.0
191,Buy,29-Mar-2023 18:05,HINDCON,Hindcon Chemicals Limited,106,8346,78.73584905660377
192,Buy,29-Mar-2023 18:05,HINDCON,Hindcon Chemicals Limited,1000,78580,78.58
193,Buy,29-Mar-2023 18:05,HINDCON,Hindcon Chemicals Limited,1000,78080,78.08
194,Buy,29-Mar-2023 18:05,HINDCON,Hindcon Chemicals Limited,387,30023,77.57881136950904
195,Buy,29-Mar-2023 17:58,VISAKAIND,Visaka Industries Limited,50000,0,0.0
196,Sell,29-Mar-2023 17:58,VISAKAIND,Visaka Industries Limited,50000,0,0.0
197,Buy,29-Mar-2023 17:47,KOTYARK,Kotyark Industries Limited,10000,3043770,304.377
198,Buy,29-Mar-2023 17:32,ASIANENE,Asian Energy Services Limited,101957,10618642,104.1482389634846
199,Buy,29-Mar-2023 17:17,SDBL,Som Distilleries & Breweries Limited,27500,3833725,139.40818181818182
200,Buy,29-Mar-2023 17:13,HCLTECH,HCL Technologies Limited,172326,183749869,1066.292196186298
201,Buy,29-Mar-2023 16:52,VINEETLAB,Vineet Laboratories Limited,5500,229784,41.77890909090909
202,Buy,29-Mar-2023 16:38,PRAKASHSTL,Prakash Steelage Limited,10000,39725,3.9725
203,Buy,29-Mar-2023 16:34,LGBBROSLTD,LG Balakrishnan & Bros Limited,13870,10289598,741.8599855803893
204,Sell,29-Mar-2023 16:22,CENTRUM,Centrum Capital Limited,1000000,18335375,18.335375
205,Sell,29-Mar-2023 16:16,PROZONINTU,Prozone Intu Properties Limited,87520,1940862,22.176211151736744
206,Buy,29-Mar-2023 16:09,JAICORPLTD,Jai Corp Limited,26154,3432109,131.2269251357345
207,Buy,29-Mar-2023 16:05,CENTRUM,Centrum Capital Limited,1001300,18474314,18.450328572855287
208,Buy,29-Mar-2023 16:05,CENTRUM,Centrum Capital Limited,110000,2031282,18.4662
209,Buy,29-Mar-2023 15:48,MAHICKRA,Mahickra Chemicals Limited,1500,151500,101.0
210,Buy,29-Mar-2023 15:48,MAHICKRA,Mahickra Chemicals Limited,1500,151650,101.1
211,Buy,29-Mar-2023 15:46,SHANKARA,Shankara Building Products Limited,5000,3049850,609.97
212,Buy,29-Mar-2023 15:27,GREENPLY,Greenply Industries Limited,5876650,0,0.0
213,Sell,29-Mar-2023 15:27,GREENPLY,Greenply Industries Limited,5876650,0,0.0
214,Buy,29-Mar-2023 15:26,SOBHA,Sobha Limited,50000,21330944,426.61888
215,Buy,29-Mar-2023 15:21,SHAKTIPUMP,Shakti Pumps (India) Limited,15500,6186177,399.1081935483871
216,Buy,29-Mar-2023 15:00,VERANDA,Veranda Learning Solutions Limited,1000,168675,168.675
217,Buy,29-Mar-2023 15:00,VERANDA,Veranda Learning Solutions Limited,2000,340898,170.449
218,Sell,29-Mar-2023 14:59,MTARTECH,Mtar Technologies Limited,59643,91998947,1542.493620374562
219,Buy,29-Mar-2023 14:53,VERANDA,Veranda Learning Solutions Limited,32000,5505735,172.05421875
220,Buy,29-Mar-2023 14:53,VERANDA,Veranda Learning Solutions Limited,1000,170316,170.316
221,Buy,29-Mar-2023 14:24,VERANDA,Veranda Learning Solutions Limited,1000,168615,168.615
222,Buy,29-Mar-2023 14:24,VERANDA,Veranda Learning Solutions Limited,32000,5433761,169.80503125
223,Buy,29-Mar-2023 12:42,MOTILALOFS,Motilal Oswal Financial Services Limited,4128,2311467,559.9484011627907
224,Buy,29-Mar-2023 12:42,MOTILALOFS,Motilal Oswal Financial Services Limited,75872,42247259,556.8227936524673
225,Buy,29-Mar-2023 12:42,MOTILALOFS,Motilal Oswal Financial Services Limited,47808,26852754,561.6790913654619
226,Buy,29-Mar-2023 12:42,MOTILALOFS,Motilal Oswal Financial Services Limited,81972,45673322,557.181988971844
227,Buy,29-Mar-2023 12:42,MOTILALOFS,Motilal Oswal Financial Services Limited,1428,799680,560.0
228,Buy,29-Mar-2023 12:42,MOTILALOFS,Motilal Oswal Financial Services Limited,45000,25216915,560.3758888888889
229,Buy,29-Mar-2023 12:42,MOTILALOFS,Motilal Oswal Financial Services Limited,1250,712500,570.0
230,Buy,29-Mar-2023 12:38,DOLLAR,Dollar Industries Limited,31594,10933342,346.0575425713743
231,Buy,29-Mar-2023 12:26,ALMONDZ,Almondz Global Securities Limited,3687,226392,61.40276647681041
232,Buy,29-Mar-2023 12:26,ALMONDZ,Almondz Global Securities Limited,102,6249,61.26470588235294
233,Sell,29-Mar-2023 12:18,GRPLTD,GRP Limited,200,531268,2656.34
234,Sell,29-Mar-2023 12:09,GRPLTD,GRP Limited,29,77758,2681.310344827586
235,Sell,29-Mar-2023 12:04,GRPLTD,GRP Limited,29,77758,2681.310344827586
236,Buy,29-Mar-2023 11:40,AVONMORE,Avonmore Capital & Management Services  Limited,11500,698572,60.74539130434783
237,Buy,29-Mar-2023 11:29,PRAKASHSTL,Prakash Steelage Limited,10000,38500,3.85
238,Pledge Revoke,29-Mar-2023 10:35,SUNPHARMA,Sun Pharmaceutical Industries Limited,5990000,5893860500,983.95
239,Buy,29-Mar-2023 10:33,LINC,Linc Limited,23000,11221050,487.8717391304348
240,Pledge,29-Mar-2023 00:28,ADFFOODS,ADF Foods Limited,400000,273120000,682.8
241,Pledge,29-Mar-2023 00:28,ADFFOODS,ADF Foods Limited,375000,252731250,673.95
242,Buy,28-Mar-2023 20:52,CONFIPET,Confidence Petroleum India Limited,805000,44951200,55.84
243,Buy,28-Mar-2023 20:18,ASTERDM,Aster DM Healthcare Limited,19980522,4595520060,230.0
244,Buy,28-Mar-2023 19:16,ZYDUSWELL,Zydus Wellness Limited,7942,11752259,1479.760639637371
245,Buy,28-Mar-2023 19:16,ZYDUSWELL,Zydus Wellness Limited,1124,1666103,1482.2980427046264
246,Buy,28-Mar-2023 18:52,SHANKARA,Shankara Building Products Limited,10000,6416400,641.64
247,Buy,28-Mar-2023 18:46,BEPL,Bhansali Engineering Polymers Limited,100000,9166000,91.66
248,Buy,28-Mar-2023 18:26,BHARATWIRE,Bharat Wire Ropes Limited,3388270,423533750,125.0
249,Buy,28-Mar-2023 18:26,GREAVESCOT,Greaves Cotton Limited,10000,1279400,127.94
250,Buy,28-Mar-2023 18:26,GREAVESCOT,Greaves Cotton Limited,10000,1277900,127.79
251,Buy,28-Mar-2023 18:26,GREAVESCOT,Greaves Cotton Limited,7800,989898,126.91
252,Buy,28-Mar-2023 18:26,GREAVESCOT,Greaves Cotton Limited,10000,1275000,127.5
253,Buy,28-Mar-2023 18:26,GREAVESCOT,Greaves Cotton Limited,10000,1270000,127.0
254,Buy,28-Mar-2023 18:26,GREAVESCOT,Greaves Cotton Limited,10000,1273700,127.37
255,Buy,28-Mar-2023 18:26,GREAVESCOT,Greaves Cotton Limited,10000,1271900,127.19
256,Buy,28-Mar-2023 18:26,GREAVESCOT,Greaves Cotton Limited,10000,1276000,127.6
257,Buy,28-Mar-2023 18:23,BAJAJHLDNG,Bajaj Holdings & Investment Limited,16576,100189463,6044.248491795367
258,Buy,28-Mar-2023 18:23,BAJAJHLDNG,Bajaj Holdings & Investment Limited,4643,28050435,6041.446263191901
259,Sell,28-Mar-2023 18:21,SVPGLOB,SVP GLOBAL TEXTILES LIMITED,2949859,33480899,11.349999779650485
260,Pledge,28-Mar-2023 18:17,INDIACEM,The India Cements Limited,4700000,823675000,175.25
261,Buy,28-Mar-2023 18:07,ASIANENE,Asian Energy Services Limited,214160,21286501,99.3953165857303
262,Buy,28-Mar-2023 17:59,AMEYA,Ameya Precision Engineers Limited,8000,280000,35.0
263,Buy,28-Mar-2023 17:59,AMEYA,Ameya Precision Engineers Limited,8000,280000,35.0
264,Buy,28-Mar-2023 17:44,SDBL,Som Distilleries & Breweries Limited,25000,3470237,138.80948
265,Buy,28-Mar-2023 17:40,AMEYA,Ameya Precision Engineers Limited,16000,552000,34.5
266,Buy,28-Mar-2023 17:40,NRBBEARING,NRB Bearing Limited,640,82178,128.403125
267,Buy,28-Mar-2023 17:34,NRBBEARING,NRB Bearing Limited,21243,2752828,129.58753471731865
268,Buy,28-Mar-2023 17:18,KCP,KCP Limited,2000,190840,95.42
269,Buy,28-Mar-2023 17:11,HEG,HEG Limited,500,467299,934.598
270,Buy,28-Mar-2023 17:11,RSWM,RSWM Limited,500,74209,148.418
271,Sell,28-Mar-2023 17:06,STARCEMENT,Star Cement Limited,800000,95912080,119.8901
272,Sell,28-Mar-2023 17:06,STARCEMENT,Star Cement Limited,825542,98974313,119.8901000797052
273,Sell,28-Mar-2023 17:03,INDOAMIN,Indo Amines Limited,46516,3459860,74.37999828016166
274,Sell,28-Mar-2023 17:03,INDOAMIN,Indo Amines Limited,26860,1897390,70.63998510796723
275,Buy,28-Mar-2023 16:58,STARCEMENT,Star Cement Limited,200000,23264668,116.32334
276,Buy,28-Mar-2023 16:54,STARCEMENT,Star Cement Limited,1800000,215063975,119.47998611111112
277,Sell,28-Mar-2023 16:50,GODREJAGRO,Godrej Agrovet Limited,122000,50263946,411.9995573770492
278,Buy,28-Mar-2023 16:50,GODREJAGRO,Godrej Agrovet Limited,122000,50263998,411.99998360655735
279,Buy,28-Mar-2023 16:36,CENTRUM,Centrum Capital Limited,96000,1905522,19.8491875
280,Buy,28-Mar-2023 16:36,CENTRUM,Centrum Capital Limited,4000,79720,19.93
281,Buy,28-Mar-2023 16:18,JAICORPLTD,Jai Corp Limited,100000,12907444,129.07444
282,Buy,28-Mar-2023 16:18,JAICORPLTD,Jai Corp Limited,201192,26031379,129.3857558948666
283,Sell,28-Mar-2023 16:16,MTARTECH,Mtar Technologies Limited,93320,146404521,1568.843988426918
284,Sell,28-Mar-2023 16:11,MFSL,Max Financial Services Limited,1499997,944623111,629.750000166667
285,Buy,28-Mar-2023 15:50,VINEETLAB,Vineet Laboratories Limited,653,27178,41.62021439509954
286,Buy,28-Mar-2023 15:37,SOBHA,Sobha Limited,40000,17084618,427.11545
287,Buy,28-Mar-2023 15:10,ASIANTILES,Asian Granito India Limited,162300,0,0.0
288,Sell,28-Mar-2023 15:10,ASIANTILES,Asian Granito India Limited,162300,0,0.0
289,Buy,28-Mar-2023 14:56,ASIANTILES,Asian Granito India Limited,1582668,63306720,40.0
290,Sell,28-Mar-2023 14:56,ASIANTILES,Asian Granito India Limited,1582668,63306720,40.0
291,Buy,28-Mar-2023 14:56,ASIANTILES,Asian Granito India Limited,1800000,72000000,40.0
292,Sell,28-Mar-2023 14:56,ASIANTILES,Asian Granito India Limited,1800000,72000000,40.0
293,Buy,28-Mar-2023 14:56,ASIANTILES,Asian Granito India Limited,350000,14000000,40.0
294,Sell,28-Mar-2023 14:56,ASIANTILES,Asian Granito India Limited,350000,14000000,40.0
295,Buy,28-Mar-2023 14:56,ASIANTILES,Asian Granito India Limited,1075000,43000000,40.0
296,Sell,28-Mar-2023 14:56,ASIANTILES,Asian Granito India Limited,1075000,43000000,40.0
297,Buy,28-Mar-2023 14:41,SHAKTIPUMP,Shakti Pumps (India) Limited,13500,5379048,398.448
298,Buy,28-Mar-2023 13:58,AMEYA,Ameya Precision Engineers Limited,20000,700000,35.0
299,Buy,28-Mar-2023 13:05,CONFIPET,Confidence Petroleum India Limited,335000,19473550,58.13
300,Buy,28-Mar-2023 12:13,WSI,W S Industries (I) Limited,447572,17902880,40.0
301,Buy,28-Mar-2023 12:13,WSI,W S Industries (I) Limited,447572,17902880,40.0
302,Buy,28-Mar-2023 12:13,WSI,W S Industries (I) Limited,447572,17902880,40.0
303,Buy,28-Mar-2023 12:13,WSI,W S Industries (I) Limited,447572,17902880,40.0
304,Buy,28-Mar-2023 12:13,WSI,W S Industries (I) Limited,867006,34680240,40.0
305,Buy,28-Mar-2023 12:13,WSI,W S Industries (I) Limited,895142,35805680,40.0
306,Buy,28-Mar-2023 12:10,SDBL,Som Distilleries & Breweries Limited,10000,1389180,138.918
307,Buy,28-Mar-2023 12:06,ALMONDZ,Almondz Global Securities Limited,1763,108377,61.473057288712425
308,Buy,28-Mar-2023 12:06,ALMONDZ,Almondz Global Securities Limited,1540,94692,61.48831168831169
309,Sell,28-Mar-2023 11:56,HAL,Hindustan Aeronautics Limited,10533206,26139502529,2481.6283407919677
310,Sell,28-Mar-2023 11:56,HAL,Hindustan Aeronautics Limited,1170357,2904810061,2481.9863178500236
311,Buy,28-Mar-2023 11:43,TRIDENT,Trident Limited,12385000,319350856,25.78529317723052
312,Sell,27-Mar-2023 18:48,SHRENIK,Shrenik Limited,39792,39270,0.986881785283474
313,Pledge Invoke,27-Mar-2023 18:45,SHRENIK,Shrenik Limited,300000,300000,1.0
314,Buy,27-Mar-2023 18:26,SUNTECK,Sunteck Realty Limited,20000,5933842,296.6921
315,Buy,27-Mar-2023 18:24,TEXRAIL,Texmaco Rail & Engineering Limited,28641,1285981,44.900003491498204
316,Buy,27-Mar-2023 18:24,TEXRAIL,Texmaco Rail & Engineering Limited,500000,22172349,44.344698
317,Buy,27-Mar-2023 18:24,TEXRAIL,Texmaco Rail & Engineering Limited,250000,11078045,44.31218
318,Buy,27-Mar-2023 18:24,TEXRAIL,Texmaco Rail & Engineering Limited,71359,3216378,45.07319329026472
319,Buy,27-Mar-2023 18:24,TEXRAIL,Texmaco Rail & Engineering Limited,150000,6605998,44.039986666666664
320,Pledge,27-Mar-2023 18:14,CHAMBLFERT,Chambal Fertilizers & Chemicals Limited,25000,6758750,270.35
321,Pledge,27-Mar-2023 17:59,EMAMILTD,Emami Limited,85000,31135500,366.3
322,Pledge Revoke,27-Mar-2023 17:59,EMAMILTD,Emami Limited,400000,145640000,364.1
323,Pledge Revoke,27-Mar-2023 17:59,EMAMILTD,Emami Limited,100000,36255000,362.55
324,Pledge,27-Mar-2023 17:59,EMAMILTD,Emami Limited,1390000,506099000,364.1
325,Buy,27-Mar-2023 16:22,JAICORPLTD,Jai Corp Limited,200000,26037268,130.18634
326,Buy,27-Mar-2023 16:21,TTL,T T Limited,500,37488,74.976
327,Buy,27-Mar-2023 16:18,TTL,T T Limited,3328,236622,71.10036057692308
328,Sell,27-Mar-2023 16:10,BLBLIMITED,BLB Limited,2500000,55050000,22.02
329,Sell,27-Mar-2023 16:07,JAGRAN,Jagran Prakashan Limited,32834742,2462605650,75.0
330,Buy,27-Mar-2023 15:42,AILIMITED,Abhishek Integrations Limited,3000,114000,38.0
331,Pledge,27-Mar-2023 14:33,PATELENG,Patel Engineering Limited,70000000,1050000000,15.0
332,Pledge Revoke,27-Mar-2023 14:33,REGENCERAM,Regency Ceramics Limited,2000000,39700000,19.85
333,Sell,27-Mar-2023 14:28,PIDILITIND,Pidilite Industries Limited,36000,84746639,2354.0733055555556
334,Buy,27-Mar-2023 14:15,NRBBEARING,NRB Bearing Limited,20932,2774632,132.5545576151347
335,Buy,27-Mar-2023 14:15,NRBBEARING,NRB Bearing Limited,1781,236313,132.685569904548
336,Buy,27-Mar-2023 14:13,PDMJEPAPER,Pudumjee Paper Products Limited,18736,739903,39.490979931682325
337,Buy,27-Mar-2023 14:08,MUKANDLTD,Mukand Limited,26581,3596609,135.30751288514352
338,Buy,27-Mar-2023 13:44,TTL,T T Limited,1000,74186,74.186
339,Buy,27-Mar-2023 13:39,TTL,T T Limited,1500,112369,74.91266666666667
340,Buy,27-Mar-2023 13:12,DOLLAR,Dollar Industries Limited,58406,21189781,362.801441632709
341,Buy,27-Mar-2023 12:58,MOTILALOFS,Motilal Oswal Financial Services Limited,20000,11172462,558.6231
342,Buy,27-Mar-2023 12:58,MOTILALOFS,Motilal Oswal Financial Services Limited,16600,9273543,558.6471686746988
343,Buy,27-Mar-2023 12:30,CENTRUM,Centrum Capital Limited,71000,1426021,20.08480281690141
344,Buy,27-Mar-2023 11:56,ALMONDZ,Almondz Global Securities Limited,2182,134695,61.73006416131989
345,Buy,27-Mar-2023 11:56,ALMONDZ,Almondz Global Securities Limited,236,14614,61.92372881355932
346,Pledge,27-Mar-2023 11:51,APOLLOHOSP,Apollo Hospitals Enterprise Limited,220000,940100000,4273.181818181818
347,Buy,27-Mar-2023 11:49,VERANDA,Veranda Learning Solutions Limited,10000,1757994,175.7994
348,Buy,27-Mar-2023 11:48,MAHSEAMLES,Maharashtra Seamless Limited,25000,9013787,360.55148
349,Buy,27-Mar-2023 11:43,VERANDA,Veranda Learning Solutions Limited,10000,1750259,175.0259
350,Buy,27-Mar-2023 11:43,KCP,KCP Limited,9900,959904,96.96
351,Buy,27-Mar-2023 11:43,KCP,KCP Limited,10421,994997,95.47999232319356
352,Buy,27-Mar-2023 11:31,VERANDA,Veranda Learning Solutions Limited,10000,1756242,175.6242
353,Sell,27-Mar-2023 10:07,INDOAMIN,Indo Amines Limited,17586,1343218,76.37996133287842
354,Buy,25-Mar-2023 21:57,KDDL,KDDL Limited,4500,4842794,1076.1764444444445
355,Buy,25-Mar-2023 19:24,CONFIPET,Confidence Petroleum India Limited,639225,39084895,61.144190230357076
356,Buy,25-Mar-2023 17:13,HINDCON,Hindcon Chemicals Limited,786,62587,79.62722646310432
357,Sell,25-Mar-2023 16:39,KIRLOSENG,Kirloskar Oil Engines Limited,123203,46563419,377.9406264457846
358,Buy,25-Mar-2023 16:20,ZYDUSWELL,Zydus Wellness Limited,1408,2072996,1472.2982954545455
359,Buy,25-Mar-2023 16:20,ZYDUSWELL,Zydus Wellness Limited,510272,767050156,1503.2181973535683
360,Buy,25-Mar-2023 14:54,PDMJEPAPER,Pudumjee Paper Products Limited,17524,695703,39.70001141291942
361,Sell,25-Mar-2023 14:13,MGEL,Mangalam Global Enterprise Limited,20000,250357,12.51785
362,Buy,25-Mar-2023 12:32,PRAKASHSTL,Prakash Steelage Limited,10000,39900,3.99
363,Buy,25-Mar-2023 11:32,GROBTEA,The Grob Tea Company Limited,200,155460,777.3
364,Buy,25-Mar-2023 11:13,RAJRATAN,Rajratan Global Wire Limited,500000,0,0.0
365,Sell,25-Mar-2023 11:13,RAJRATAN,Rajratan Global Wire Limited,500000,0,0.0
366,Pledge,25-Mar-2023 09:46,GENUSPOWER,Genus Power Infrastructures Limited,2500000,211750000,84.7
367,Buy,24-Mar-2023 23:41,AKG,Akg Exim Limited,1400,40600,29.0
368,Buy,24-Mar-2023 23:37,AKG,Akg Exim Limited,40000,1166010,29.15025
369,Buy,24-Mar-2023 23:33,AKG,Akg Exim Limited,130000,3838985,29.530653846153847
370,Sell,24-Mar-2023 20:57,MARSHALL,Marshall Machines Limited,134383,5516323,41.049262183460705
371,Sell,24-Mar-2023 20:45,GRPLTD,GRP Limited,46,130784,2843.1304347826085
372,Buy,24-Mar-2023 19:22,NRBBEARING,NRB Bearing Limited,98,13073,133.39795918367346
373,Buy,24-Mar-2023 19:22,NRBBEARING,NRB Bearing Limited,2000,266359,133.1795
374,Buy,24-Mar-2023 19:22,NRBBEARING,NRB Bearing Limited,7600,2006002,263.9476315789474
375,Buy,24-Mar-2023 19:22,NRBBEARING,NRB Bearing Limited,2000,267425,133.7125
376,Pledge Revoke,24-Mar-2023 18:48,JINDALSTEL,Jindal Steel & Power Limited,730000,408216000,559.2
377,Buy,24-Mar-2023 18:41,CLEDUCATE,CL Educate Limited,2000,105000,52.5
378,Sell,24-Mar-2023 18:36,JSL,Jindal Stainless Limited,7350000,2139217500,291.05
379,Buy,24-Mar-2023 18:36,JSL,Jindal Stainless Limited,7350000,2139217500,291.05
380,Sell,24-Mar-2023 18:18,DBOL,Dhampur Bio Organics Limited,25050,0,0.0
381,Buy,24-Mar-2023 18:18,DBOL,Dhampur Bio Organics Limited,2177813,3,1.37752874098924e-06
382,Buy,24-Mar-2023 18:18,DBOL,Dhampur Bio Organics Limited,25050,0,0.0
383,Sell,24-Mar-2023 18:18,DBOL,Dhampur Bio Organics Limited,125000,0,0.0
384,Buy,24-Mar-2023 18:18,DBOL,Dhampur Bio Organics Limited,125000,0,0.0
385,Buy,24-Mar-2023 18:18,DBOL,Dhampur Bio Organics Limited,1166758,1,8.570757603547608e-07
386,Sell,24-Mar-2023 18:18,DBOL,Dhampur Bio Organics Limited,2177813,3,1.37752874098924e-06
387,Sell,24-Mar-2023 18:18,DBOL,Dhampur Bio Organics Limited,1166758,1,8.570757603547608e-07
388,Sell,24-Mar-2023 18:12,SANGINITA,Sanginita Chemicals Limited,2200,50373,22.896818181818183
389,Buy,24-Mar-2023 18:05,ZYDUSWELL,Zydus Wellness Limited,397,583310,1469.294710327456
390,Buy,24-Mar-2023 18:05,ZYDUSWELL,Zydus Wellness Limited,3,4426,1475.3333333333333
391,Sell,24-Mar-2023 17:53,DHAMPURSUG,Dhampur Sugar Mills Limited,349116,0,0.0
392,Buy,24-Mar-2023 17:53,DHAMPURSUG,Dhampur Sugar Mills Limited,3000000,0,0.0
393,Buy,24-Mar-2023 17:53,DHAMPURSUG,Dhampur Sugar Mills Limited,2974741,0,0.0
394,Buy,24-Mar-2023 17:53,DHAMPURSUG,Dhampur Sugar Mills Limited,1035000,220455000,213.0
395,Sell,24-Mar-2023 17:53,DHAMPURSUG,Dhampur Sugar Mills Limited,5625625,0,0.0
396,Sell,24-Mar-2023 17:53,DHAMPURSUG,Dhampur Sugar Mills Limited,1035000,220455000,213.0
397,Buy,24-Mar-2023 17:48,ASIANENE,Asian Energy Services Limited,160000,16470531,102.94081875
398,Pledge,24-Mar-2023 17:18,CHAMBLFERT,Chambal Fertilizers & Chemicals Limited,157000,42444950,270.35
399,Sell,24-Mar-2023 16:43,PNC,Pritish Nandy Communications Limited,900000,0,0.0
400,Buy,24-Mar-2023 16:43,PNC,Pritish Nandy Communications Limited,450000,0,0.0
401,Buy,24-Mar-2023 16:41,KCP,KCP Limited,10000,967100,96.71
402,Buy,24-Mar-2023 16:38,ASAHIINDIA,Asahi India Glass Limited,400000,186400000,466.0
403,Buy,24-Mar-2023 16:26,BAJAJHLDNG,Bajaj Holdings & Investment Limited,1993,12051126,6046.726542900151
404,Buy,24-Mar-2023 16:26,BAJAJHLDNG,Bajaj Holdings & Investment Limited,12767,75695507,5928.997180230282
405,Sell,24-Mar-2023 16:24,ADORWELD,Ador Welding Limited,6500,5510000,847.6923076923077
406,Buy,24-Mar-2023 16:24,ADORWELD,Ador Welding Limited,3000,2535000,845.0
407,Buy,24-Mar-2023 16:24,ADORWELD,Ador Welding Limited,2350,1997500,850.0
408,Buy,24-Mar-2023 16:24,ADORWELD,Ador Welding Limited,1150,977500,850.0
409,Sell,24-Mar-2023 16:06,OBCL,Orissa Bengal Carrier Limited,127700,0,0.0
410,Buy,24-Mar-2023 16:06,OBCL,Orissa Bengal Carrier Limited,229000,0,0.0
411,Sell,24-Mar-2023 16:06,OBCL,Orissa Bengal Carrier Limited,101300,0,0.0
412,Buy,24-Mar-2023 16:05,NRBBEARING,NRB Bearing Limited,1303,172777,132.5993860322333
413,Buy,24-Mar-2023 15:56,SALZERELEC,Salzer Electronics Limited,100000,27850000,278.5
414,Buy,24-Mar-2023 15:53,NRBBEARING,NRB Bearing Limited,11276,1505974,133.55569350833628
415,Buy,24-Mar-2023 15:53,NRBBEARING,NRB Bearing Limited,19855,2650954,133.51568874338957
416,Buy,24-Mar-2023 15:51,SALZERELEC,Salzer Electronics Limited,100000,27850000,278.5
417,Buy,24-Mar-2023 15:41,SALZERELEC,Salzer Electronics Limited,100000,27850000,278.5
418,Buy,24-Mar-2023 15:39,SALZERELEC,Salzer Electronics Limited,100000,27850000,278.5
419,Buy,24-Mar-2023 15:37,SALZERELEC,Salzer Electronics Limited,100000,27850000,278.5
420,Buy,24-Mar-2023 14:55,RICOAUTO,Rico Auto Industries Limited,8400,0,0.0
421,Buy,24-Mar-2023 14:55,RICOAUTO,Rico Auto Industries Limited,8400,0,0.0
422,Buy,24-Mar-2023 14:31,AKG,Akg Exim Limited,22000,688050,31.275
423,Buy,24-Mar-2023 14:29,AKG,Akg Exim Limited,24100,758335,31.46618257261411
424,Buy,24-Mar-2023 14:27,AKG,Akg Exim Limited,36500,1146840,31.42027397260274
425,Buy,24-Mar-2023 14:24,AKG,Akg Exim Limited,30000,935500,31.183333333333334
426,Buy,24-Mar-2023 14:24,AKG,Akg Exim Limited,80000,2510300,31.37875
427,Buy,24-Mar-2023 14:19,AKG,Akg Exim Limited,99000,3112955,31.443989898989898
428,Buy,24-Mar-2023 14:17,AKG,Akg Exim Limited,120500,3704950,30.746473029045642
429,Buy,24-Mar-2023 14:15,CAPLIPOINT,Caplin Point Laboratories Limited,898790,547363110,609.0
430,Sell,24-Mar-2023 13:46,ASAHIINDIA,Asahi India Glass Limited,400000,186400000,466.0
431,Sell,24-Mar-2023 13:30,PROZONINTU,Prozone Intu Properties Limited,44145,1014555,22.98233095480802
432,Buy,24-Mar-2023 13:18,ALMONDZ,Almondz Global Securities Limited,2000,122994,61.497
433,Buy,24-Mar-2023 12:16,PRAKASHSTL,Prakash Steelage Limited,5000,20000,4.0
434,Buy,24-Mar-2023 11:43,STEL,Stel Holdings Limited,600,97218,162.03
435,Buy,24-Mar-2023 11:43,STEL,Stel Holdings Limited,6862,1112704,162.1544739143107
436,Buy,24-Mar-2023 10:24,AVONMORE,Avonmore Capital & Management Services  Limited,2820,177672,63.00425531914894
437,Buy,23-Mar-2023 23:02,IRISDOREME,Iris Clothings Limited,12000,3779999,314.99991666666665
438,Buy,23-Mar-2023 23:02,IRISDOREME,Iris Clothings Limited,17000,5381093,316.53488235294117
439,Buy,23-Mar-2023 20:09,PENINLAND,Peninsula Land Limited,14500000,203000000,14.0
440,Buy,23-Mar-2023 19:44,ASIANENE,Asian Energy Services Limited,221831,23257751,104.84445816860583
441,Buy,23-Mar-2023 19:24,ASIANENE,Asian Energy Services Limited,2221831,23257751,10.467830811614384
442,Sell,23-Mar-2023 19:08,KSCL,Kaveri Seed Company Limited,900000,0,0.0
443,Buy,23-Mar-2023 19:08,KSCL,Kaveri Seed Company Limited,900000,0,0.0
444,Buy,23-Mar-2023 18:51,SUNTECK,Sunteck Realty Limited,20000,5984462,299.2231
445,Sell,23-Mar-2023 18:20,INDOAMIN,Indo Amines Limited,25846,2048037,79.23999845237174
446,Sell,23-Mar-2023 18:20,INDOAMIN,Indo Amines Limited,14379,1127457,78.40997287711245
447,Buy,23-Mar-2023 18:19,PDMJEPAPER,Pudumjee Paper Products Limited,18740,743828,39.691995731056565
448,Pledge,23-Mar-2023 18:12,EMAMILTD,Emami Limited,960000,329280000,343.0
449,Sell,23-Mar-2023 17:17,APCOTEXIND,Apcotex Industries Limited,21500,9331000,434.0
450,Buy,23-Mar-2023 17:17,APCOTEXIND,Apcotex Industries Limited,21500,9331000,434.0
451,Buy,23-Mar-2023 17:06,JAICORPLTD,Jai Corp Limited,65000,8274142,127.29449230769231
452,Buy,23-Mar-2023 17:06,JAICORPLTD,Jai Corp Limited,75000,9759158,130.12210666666667
453,Buy,23-Mar-2023 16:54,AKG,Akg Exim Limited,30000,935500,31.183333333333334
454,Buy,23-Mar-2023 16:54,AKG,Akg Exim Limited,80000,2510300,31.37875
455,Buy,23-Mar-2023 16:48,STARCEMENT,Star Cement Limited,15000,1619736,107.9824
456,Buy,23-Mar-2023 16:45,KAKATCEM,Kakatiya Cement Sugar & Industries Limited,1184,223032,188.3716216216216
457,Buy,23-Mar-2023 16:41,AKG,Akg Exim Limited,99000,3112955,31.443989898989898
458,Buy,23-Mar-2023 16:39,AKG,Akg Exim Limited,120500,3704950,30.746473029045642
459,Buy,23-Mar-2023 16:33,AKG,Akg Exim Limited,22000,688050,31.275
460,Buy,23-Mar-2023 16:26,AKG,Akg Exim Limited,24100,758335,31.46618257261411
461,Buy,23-Mar-2023 16:26,ZYDUSWELL,Zydus Wellness Limited,449,660208,1470.3964365256124
462,Sell,23-Mar-2023 16:22,BLBLIMITED,BLB Limited,2500000,52500000,21.0
463,Buy,23-Mar-2023 16:22,AKG,Akg Exim Limited,36500,1146840,31.42027397260274
464,Buy,23-Mar-2023 16:20,AVONMORE,Avonmore Capital & Management Services  Limited,5535,350069,63.24643179765131
465,Buy,23-Mar-2023 16:20,AVONMORE,Avonmore Capital & Management Services  Limited,200,12725,63.625
466,Buy,23-Mar-2023 16:17,LGBBROSLTD,LG Balakrishnan & Bros Limited,17840,13512027,757.4006165919283
467,Buy,23-Mar-2023 16:10,BANARBEADS,Banaras Beads Limited,9369,732719,78.20674565054969
468,Sell,23-Mar-2023 16:09,PROZONINTU,Prozone Intu Properties Limited,39000,1001710,25.684871794871796
469,Buy,23-Mar-2023 16:02,MUKANDLTD,Mukand Limited,8370,1132964,135.36009557945042
470,Buy,23-Mar-2023 16:02,MUKANDLTD,Mukand Limited,16178,2188988,135.30646557052788
471,Pledge,23-Mar-2023 15:54,CHAMBLFERT,Chambal Fertilizers & Chemicals Limited,150000,40477500,269.85
472,Buy,23-Mar-2023 15:53,NRBBEARING,NRB Bearing Limited,17822,2360425,132.44445067893614
473,Buy,23-Mar-2023 15:53,NRBBEARING,NRB Bearing Limited,1100,144785,131.62272727272727
474,Buy,23-Mar-2023 15:50,GROBTEA,The Grob Tea Company Limited,100,77033,770.33
475,Buy,23-Mar-2023 15:15,AILIMITED,Abhishek Integrations Limited,3000,118500,39.5
476,Buy,23-Mar-2023 15:09,AILIMITED,Abhishek Integrations Limited,6000,237600,39.6
477,Buy,23-Mar-2023 14:26,STEL,Stel Holdings Limited,2058,329300,160.00971817298347
478,Buy,23-Mar-2023 14:26,STEL,Stel Holdings Limited,14017,2252851,160.7227652136691
479,Buy,23-Mar-2023 13:48,FCL,Fineotex Chemical Limited,40000,8960000,224.0
480,Sell,23-Mar-2023 12:59,KIRLOSIND,Kirloskar Industries Limited,254,597247,2351.3661417322833
481,Buy,23-Mar-2023 12:09,NRBBEARING,NRB Bearing Limited,600,77456,129.09333333333333
482,Buy,23-Mar-2023 12:05,NRBBEARING,NRB Bearing Limited,24071,3122434,129.717668563832
483,Buy,23-Mar-2023 11:52,ORIENTBELL,Orient Bell Limited,3000,1513260,504.42
484,Buy,22-Mar-2023 23:14,GREAVESCOT,Greaves Cotton Limited,20000,2545800,127.29
485,Buy,22-Mar-2023 23:14,GREAVESCOT,Greaves Cotton Limited,10000,1290000,129.0
486,Buy,22-Mar-2023 23:14,GREAVESCOT,Greaves Cotton Limited,10000,1291900,129.19
487,Buy,22-Mar-2023 23:14,GREAVESCOT,Greaves Cotton Limited,1095,139316,127.22922374429224
488,Buy,22-Mar-2023 23:14,GREAVESCOT,Greaves Cotton Limited,8000,1015040,126.88
489,Buy,22-Mar-2023 23:14,GREAVESCOT,Greaves Cotton Limited,10000,1256800,125.68
490,Buy,22-Mar-2023 23:14,GREAVESCOT,Greaves Cotton Limited,10000,1271100,127.11
491,Buy,22-Mar-2023 23:14,GREAVESCOT,Greaves Cotton Limited,10000,1253500,125.35
492,Buy,22-Mar-2023 23:14,GREAVESCOT,Greaves Cotton Limited,10000,1259600,125.96
493,Buy,22-Mar-2023 23:14,GREAVESCOT,Greaves Cotton Limited,10000,1258900,125.89
494,Buy,22-Mar-2023 23:14,GREAVESCOT,Greaves Cotton Limited,10000,1257900,125.79
495,Buy,22-Mar-2023 23:14,GREAVESCOT,Greaves Cotton Limited,10000,1272900,127.29
496,Buy,22-Mar-2023 22:26,GNA,GNA Axles Limited,400,330000,825.0
497,Buy,22-Mar-2023 19:37,LYKALABS,Lyka Labs Limited,385200,0,0.0
498,Sell,22-Mar-2023 19:10,MARSHALL,Marshall Machines Limited,96158,4226749,43.95629068824227
499,Buy,22-Mar-2023 18:22,PARTYCRUS,Party Cruisers Limited,14000,1382500,98.75
500,Pledge Invoke,22-Mar-2023 18:10,SHRENIK,Shrenik Limited,700000,770000,1.1
501,Pledge Invoke,22-Mar-2023 18:10,SHRENIK,Shrenik Limited,300000,315000,1.05
502,Buy,22-Mar-2023 18:09,ZYDUSWELL,Zydus Wellness Limited,5877,8611614,1465.3078101071976
503,Buy,22-Mar-2023 18:09,ZYDUSWELL,Zydus Wellness Limited,83210,121787599,1463.6173416656652
504,Sell,22-Mar-2023 18:04,SHRENIK,Shrenik Limited,100000,108500,1.085
505,Buy,22-Mar-2023 17:12,HCLTECH,HCL Technologies Limited,96593,103750116,1074.0955969894299
506,Pledge,22-Mar-2023 17:06,JINDALSTEL,Jindal Steel & Power Limited,1350000,754920000,559.2
507,Buy,22-Mar-2023 16:59,TOKYOPLAST,Tokyo Plast International Limited,11457,1061055,92.61194029850746
508,Buy,22-Mar-2023 16:39,SMARTLINK,Smartlink Holdings Limited,883,130748,148.07248018120046
509,Buy,22-Mar-2023 16:39,SMARTLINK,Smartlink Holdings Limited,7800,1154963,148.07217948717948
510,Buy,22-Mar-2023 16:25,JAICORPLTD,Jai Corp Limited,472654,58044412,122.80529097394711
511,Buy,22-Mar-2023 15:59,BAJAJHLDNG,Bajaj Holdings & Investment Limited,12510,75232616,6013.798241406875
512,Buy,22-Mar-2023 15:59,BAJAJHLDNG,Bajaj Holdings & Investment Limited,15950,96295342,6037.325517241379
513,Buy,22-Mar-2023 15:55,LINCOLN,Lincoln Pharmaceuticals Limited,60000,20895000,348.25
514,Sell,22-Mar-2023 15:55,LINCOLN,Lincoln Pharmaceuticals Limited,60000,20895000,348.25
515,Buy,22-Mar-2023 15:10,CGCL,Capri Global Capital Limited,12884211,6120000225,475.0
516,Buy,22-Mar-2023 13:26,SOBHA,Sobha Limited,20000,10752468,537.6234
517,Buy,22-Mar-2023 12:31,CENTRUM,Centrum Capital Limited,60000,1192110,19.8685
518,Buy,22-Mar-2023 12:16,STEL,Stel Holdings Limited,10540,1610845,152.83159392789375
519,Buy,22-Mar-2023 11:17,AVONMORE,Avonmore Capital & Management Services  Limited,2000,125949,62.9745
520,Buy,22-Mar-2023 11:17,AVONMORE,Avonmore Capital & Management Services  Limited,7665,481583,62.82883235485975
521,Sell,21-Mar-2023 21:54,KIRLOSENG,Kirloskar Oil Engines Limited,6484,2402549,370.5350092535472
522,Buy,21-Mar-2023 21:54,KIRLOSENG,Kirloskar Oil Engines Limited,4000,1440923,360.23075
523,Buy,21-Mar-2023 21:54,KIRLOSENG,Kirloskar Oil Engines Limited,4000,1538271,384.56775
524,Buy,21-Mar-2023 20:33,SONAHISONA,Sona Hi Sona Jewellers (Gujarat) Limited,10000,289500,28.95
525,Pledge Revoke,21-Mar-2023 19:44,LOKESHMACH,Lokesh Machines Limited,434000,52210200,120.3
526,Pledge Revoke,21-Mar-2023 19:24,LOKESHMACH,Lokesh Machines Limited,145000,17443500,120.3
527,Pledge Revoke,21-Mar-2023 19:17,LOKESHMACH,Lokesh Machines Limited,50000,6015000,120.3
528,Buy,21-Mar-2023 18:46,SUNTECK,Sunteck Realty Limited,22000,6554563,297.93468181818184
529,Buy,21-Mar-2023 18:31,ZYDUSWELL,Zydus Wellness Limited,1113,1639812,1473.3261455525605
530,Buy,21-Mar-2023 18:31,ZYDUSWELL,Zydus Wellness Limited,672,989971,1473.171130952381
531,Buy,21-Mar-2023 18:30,CHOICEIN,Choice International Limited,1100000,280500000,255.0
532,Buy,21-Mar-2023 18:30,CHOICEIN,Choice International Limited,1030000,262650000,255.0
533,Pledge Revoke,21-Mar-2023 18:28,STARCEMENT,Star Cement Limited,25000,2682500,107.3
534,Sell,21-Mar-2023 18:18,SVPGLOB,SVP GLOBAL TEXTILES LIMITED,2036454,30123610,14.792187793095254
535,Sell,21-Mar-2023 17:53,NGLFINE,NGL Fine-Chem Limited,9890,12719577,1286.10485338726
536,Sell,21-Mar-2023 17:53,NGLFINE,NGL Fine-Chem Limited,110,137710,1251.909090909091
537,Buy,21-Mar-2023 17:53,PRAKASHSTL,Prakash Steelage Limited,10000,39800,3.98
538,Buy,21-Mar-2023 17:49,PRAKASHSTL,Prakash Steelage Limited,10000,41000,4.1
539,Buy,21-Mar-2023 17:46,CENTRUM,Centrum Capital Limited,185000,3651179,19.736102702702702
540,Sell,21-Mar-2023 17:45,INDOAMIN,Indo Amines Limited,12403,993480,80.09997581230347
541,Sell,21-Mar-2023 17:45,INDOAMIN,Indo Amines Limited,19759,1575977,79.7599574877271
542,Buy,21-Mar-2023 17:41,KDDL,KDDL Limited,9786,10051604,1027.1412221540977
543,Buy,21-Mar-2023 17:41,KDDL,KDDL Limited,2339,2421443,1035.2471141513468
544,Pledge,21-Mar-2023 17:31,EMAMILTD,Emami Limited,390000,139600500,357.95
545,Pledge,21-Mar-2023 17:31,EMAMILTD,Emami Limited,50000,17582500,351.65
546,Pledge,21-Mar-2023 17:31,EMAMILTD,Emami Limited,1050000,375847500,357.95
547,Pledge,21-Mar-2023 17:31,EMAMILTD,Emami Limited,900000,316485000,351.65
548,Sell,21-Mar-2023 17:20,BHARATGEAR,Bharat Gears Limited,94939,11392680,120.0
549,Buy,21-Mar-2023 17:20,BHARATGEAR,Bharat Gears Limited,25815,3097800,120.0
550,Buy,21-Mar-2023 17:20,BHARATGEAR,Bharat Gears Limited,22594,2711280,120.0
551,Buy,21-Mar-2023 17:20,BHARATGEAR,Bharat Gears Limited,46530,5583600,120.0
552,Pledge Revoke,21-Mar-2023 17:13,MANGALAM,Mangalam Drugs And Organics Limited,50000,5457500,109.15
553,Buy,21-Mar-2023 16:51,KCP,KCP Limited,11445,1080980,94.44997815640018
554,Buy,21-Mar-2023 16:45,GREAVESCOT,Greaves Cotton Limited,10000,1252500,125.25
555,Buy,21-Mar-2023 16:45,GREAVESCOT,Greaves Cotton Limited,5,627,125.4
556,Buy,21-Mar-2023 16:45,GREAVESCOT,Greaves Cotton Limited,10000,1245000,124.5
557,Buy,21-Mar-2023 16:45,GREAVESCOT,Greaves Cotton Limited,20000,2498000,124.9
558,Buy,21-Mar-2023 16:45,GREAVESCOT,Greaves Cotton Limited,20000,2495000,124.75
559,Buy,21-Mar-2023 16:45,GREAVESCOT,Greaves Cotton Limited,9000,1129230,125.47
560,Buy,21-Mar-2023 16:45,GREAVESCOT,Greaves Cotton Limited,10000,1253500,125.35
561,Buy,21-Mar-2023 16:29,KAKATCEM,Kakatiya Cement Sugar & Industries Limited,10000,1878530,187.853
562,Buy,21-Mar-2023 15:56,HUBTOWN,Hubtown Limited,1800000,102600000,57.0
563,Buy,21-Mar-2023 15:56,HUBTOWN,Hubtown Limited,1800000,102600000,57.0
564,Pledge,21-Mar-2023 15:45,CHAMBLFERT,Chambal Fertilizers & Chemicals Limited,150000,41160000,274.4
565,Buy,21-Mar-2023 15:18,MUKANDLTD,Mukand Limited,1800,243648,135.36
566,Buy,21-Mar-2023 15:18,MUKANDLTD,Mukand Limited,29751,4027003,135.35689556653557
567,Buy,21-Mar-2023 11:38,STEL,Stel Holdings Limited,507,75846,149.5976331360947
568,Buy,21-Mar-2023 11:38,STEL,Stel Holdings Limited,12627,1893016,149.91811198226023
569,Buy,21-Mar-2023 11:38,STEL,Stel Holdings Limited,8771,1334252,152.1208528103979
570,Buy,21-Mar-2023 11:38,STEL,Stel Holdings Limited,54,8106,150.11111111111111
571,Sell,21-Mar-2023 11:31,BLBLIMITED,BLB Limited,2500000,53750000,21.5
572,Buy,20-Mar-2023 21:16,XPROINDIA,Xpro India Limited,66000,50292000,762.0
573,Buy,20-Mar-2023 21:16,XPROINDIA,Xpro India Limited,33000,0,0.0
574,Buy,20-Mar-2023 21:16,XPROINDIA,Xpro India Limited,262000,199644000,762.0
575,Buy,20-Mar-2023 21:16,XPROINDIA,Xpro India Limited,131000,0,0.0
576,Sell,20-Mar-2023 20:20,MARSHALL,Marshall Machines Limited,30599,1409611,46.067224419098665
577,Buy,20-Mar-2023 20:05,SOBHA,Sobha Limited,20000,10944054,547.2027
578,Buy,20-Mar-2023 19:52,BALAMINES,Balaji Amines Limited,100,201886,2018.86
579,Buy,20-Mar-2023 19:31,NRBBEARING,NRB Bearing Limited,100,13070,130.7
580,Buy,20-Mar-2023 17:55,KSCL,Kaveri Seed Company Limited,900000,0,0.0
581,Sell,20-Mar-2023 17:55,KSCL,Kaveri Seed Company Limited,900000,0,0.0
582,Sell,20-Mar-2023 17:39,DAAWAT,LT Foods Limited,2308810,328382046,142.22999987006293
583,Buy,20-Mar-2023 17:38,ZYDUSWELL,Zydus Wellness Limited,505,744052,1473.370297029703
584,Sell,20-Mar-2023 17:17,STARCEMENT,Star Cement Limited,250000,26700000,106.8
585,Sell,20-Mar-2023 17:13,STARCEMENT,Star Cement Limited,250000,27387500,109.55
586,Buy,20-Mar-2023 17:11,STARCEMENT,Star Cement Limited,250000,26700000,106.8
587,Buy,20-Mar-2023 17:08,STARCEMENT,Star Cement Limited,250000,27387500,109.55
588,Pledge,20-Mar-2023 17:00,MANGCHEFER,Mangalore Chemicals & Fertilizers Limited,1177000,114110150,96.95
589,Buy,20-Mar-2023 16:42,SMARTLINK,Smartlink Holdings Limited,2130,314119,147.4737089201878
590,Buy,20-Mar-2023 16:42,SMARTLINK,Smartlink Holdings Limited,142,20941,147.4718309859155
591,Buy,20-Mar-2023 16:34,LGBBROSLTD,LG Balakrishnan & Bros Limited,447,324985,727.0357941834452
592,Pledge Invoke,20-Mar-2023 15:22,VIVIMEDLAB,Vivimed Labs Limited,12854,25708,2.0
593,Sell,20-Mar-2023 15:16,DAAWAT,LT Foods Limited,2308810,328382046,142.22999987006293
594,Buy,20-Mar-2023 15:14,CSLFINANCE,CSL Finance Limited,374,77773,207.94919786096256
595,Sell,20-Mar-2023 15:06,PRSMJOHNSN,Prism Johnson Limited,17809500,0,0.0
596,Sell,20-Mar-2023 15:06,PRSMJOHNSN,Prism Johnson Limited,23100400,0,0.0
597,Buy,20-Mar-2023 15:06,PRSMJOHNSN,Prism Johnson Limited,40909900,0,0.0
598,Buy,20-Mar-2023 14:46,PDMJEPAPER,Pudumjee Paper Products Limited,30000,1181060,39.36866666666667
599,Sell,20-Mar-2023 14:32,MUKANDLTD,Mukand Limited,5385,721117,133.9121634168988
600,Buy,20-Mar-2023 14:25,LINCOLN,Lincoln Pharmaceuticals Limited,27800,9214310,331.45
601,Buy,20-Mar-2023 13:07,MFL,Meghmani Finechem Limited,800,719049,898.81125
602,Buy,20-Mar-2023 12:02,CENTRUM,Centrum Capital Limited,30000,615051,20.5017
603,Buy,20-Mar-2023 11:54,MAHSEAMLES,Maharashtra Seamless Limited,23000,7961979,346.173
604,Buy,20-Mar-2023 11:51,TEXINFRA,Texmaco Infrastructure & Holdings Limited,30000,1647183,54.9061
605,Sell,20-Mar-2023 10:51,INDOAMIN,Indo Amines Limited,48832,3988597,81.67998443643512
606,Buy,20-Mar-2023 10:10,MAHSEAMLES,Maharashtra Seamless Limited,100000,34581493,345.81493
607,Buy,18-Mar-2023 18:00,INOXWIND,Inox Wind Limited,34392947,4333511370,126.00000139563498
608,Buy,18-Mar-2023 17:48,RAJRATAN,Rajratan Global Wire Limited,6000,4337458,722.9096666666667
609,Buy,18-Mar-2023 17:40,ALBERTDAVD,Albert David Limited,2000,1059327,529.6635
610,Buy,18-Mar-2023 17:23,VINEETLAB,Vineet Laboratories Limited,7000,300901,42.98585714285714
611,Buy,18-Mar-2023 15:11,BANARBEADS,Banaras Beads Limited,13414,1071303,79.86454450574027
612,Buy,18-Mar-2023 15:11,BANARBEADS,Banaras Beads Limited,13414,1071303,79.86454450574027
613,Sell,18-Mar-2023 13:53,ROTO,Roto Pumps Limited,125000,75000000,600.0
614,Sell,18-Mar-2023 13:53,ROTO,Roto Pumps Limited,125000,75000000,600.0
615,Sell,18-Mar-2023 13:38,BLBLIMITED,BLB Limited,2500000,57500000,23.0
616,Buy,18-Mar-2023 13:06,ATULAUTO,Atul Auto Limited,218855,43333290,198.0
617,Buy,18-Mar-2023 13:06,ATULAUTO,Atul Auto Limited,33670,6666660,198.0
618,Buy,18-Mar-2023 13:06,ATULAUTO,Atul Auto Limited,33670,6666660,198.0
619,Buy,18-Mar-2023 13:06,ATULAUTO,Atul Auto Limited,218855,43333290,198.0
620,Buy,18-Mar-2023 11:53,AVONMORE,Avonmore Capital & Management Services  Limited,6000,378300,63.05
621,Sell,18-Mar-2023 11:37,USHAMART,Usha Martin Limited,100000,21077000,210.77
622,Pledge Revoke,18-Mar-2023 11:26,APOLLOHOSP,Apollo Hospitals Enterprise Limited,110000,475100000,4319.090909090909
623,Buy,18-Mar-2023 11:03,ALMONDZ,Almondz Global Securities Limited,1500,94600,63.06666666666667
624,Buy,18-Mar-2023 11:03,ALMONDZ,Almondz Global Securities Limited,1000,62980,62.98
625,Buy,17-Mar-2023 20:40,GREAVESCOT,Greaves Cotton Limited,10000,1261700,126.17
626,Buy,17-Mar-2023 20:40,GREAVESCOT,Greaves Cotton Limited,10000,1260000,126.0
627,Buy,17-Mar-2023 20:40,GREAVESCOT,Greaves Cotton Limited,10000,1257500,125.75
628,Buy,17-Mar-2023 20:40,GREAVESCOT,Greaves Cotton Limited,20000,2510000,125.5
629,Buy,17-Mar-2023 20:40,GREAVESCOT,Greaves Cotton Limited,10000,1255600,125.56
630,Sell,17-Mar-2023 19:32,DSSL,Dynacons Systems & Solutions Limited,12616,4038382,320.10003170577045
631,Buy,17-Mar-2023 19:32,DSSL,Dynacons Systems & Solutions Limited,12616,4038382,320.10003170577045
632,Buy,17-Mar-2023 19:24,BAJAJFINSV,Bajaj Finserv Limited,95000,121997632,1284.1856
633,Sell,17-Mar-2023 19:24,BAJAJFINSV,Bajaj Finserv Limited,38000,48562323,1277.9558684210526
634,Sell,17-Mar-2023 19:24,BAJAJFINSV,Bajaj Finserv Limited,125125,161214508,1288.4276363636363
635,Buy,17-Mar-2023 19:24,BAJAJFINSV,Bajaj Finserv Limited,163125,210366523,1289.6032061302683
636,Buy,17-Mar-2023 19:24,BAJAJFINSV,Bajaj Finserv Limited,15840,20415387,1288.8501893939394
637,Buy,17-Mar-2023 19:24,BAJAJFINSV,Bajaj Finserv Limited,40000,51647640,1291.191
638,Buy,17-Mar-2023 19:24,BAJAJFINSV,Bajaj Finserv Limited,138000,179272208,1299.0739710144928
639,Buy,17-Mar-2023 19:24,BAJAJFINSV,Bajaj Finserv Limited,67365,87287599,1295.7410970088324
640,Sell,17-Mar-2023 19:24,BAJAJFINSV,Bajaj Finserv Limited,769000,994409611,1293.1204304291286
641,Buy,17-Mar-2023 19:24,BAJAJFINSV,Bajaj Finserv Limited,141000,183169429,1299.0739645390072
642,Buy,17-Mar-2023 19:24,BAJAJFINSV,Bajaj Finserv Limited,490000,636546245,1299.0739693877551
643,Buy,17-Mar-2023 18:40,SUNTECK,Sunteck Realty Limited,22899,6931984,302.71994410236255
644,Buy,17-Mar-2023 18:11,ZYDUSWELL,Zydus Wellness Limited,11676,17248294,1477.2434052757794
645,Buy,17-Mar-2023 18:11,ZYDUSWELL,Zydus Wellness Limited,584,861116,1474.513698630137
646,Buy,17-Mar-2023 17:24,GROBTEA,The Grob Tea Company Limited,400,312230,780.575
647,Pledge Invoke,17-Mar-2023 17:09,CIGNITITEC,Cigniti Technologies Limited,300000,0,0.0
648,Pledge Invoke,17-Mar-2023 17:09,CIGNITITEC,Cigniti Technologies Limited,300000,0,0.0
649,Buy,17-Mar-2023 16:34,LGBBROSLTD,LG Balakrishnan & Bros Limited,1000,716521,716.521
650,Buy,17-Mar-2023 16:29,LGBBROSLTD,LG Balakrishnan & Bros Limited,9843,7107943,722.1317687696841
651,Buy,17-Mar-2023 16:10,SMARTLINK,Smartlink Holdings Limited,1252,180495,144.1653354632588
652,Buy,17-Mar-2023 16:10,SMARTLINK,Smartlink Holdings Limited,4467,645374,144.4759346317439
653,Buy,17-Mar-2023 16:10,SMARTLINK,Smartlink Holdings Limited,2979,429468,144.16515609264854
654,Buy,17-Mar-2023 16:10,SMARTLINK,Smartlink Holdings Limited,1442,208334,144.4757281553398
655,Buy,17-Mar-2023 15:58,PRAKASHSTL,Prakash Steelage Limited,5000,20630,4.126
656,Buy,17-Mar-2023 15:52,PRAKASHSTL,Prakash Steelage Limited,3100,13115,4.230645161290322
657,Pledge,17-Mar-2023 15:46,EMAMILTD,Emami Limited,160000,59208000,370.05
658,Pledge,17-Mar-2023 15:46,EMAMILTD,Emami Limited,1210000,447760500,370.05
659,Buy,17-Mar-2023 15:03,MFL,Meghmani Finechem Limited,2000,1778388,889.194
660,Buy,17-Mar-2023 14:47,MUKANDLTD,Mukand Limited,30235,4081763,135.00125682156443
661,Buy,17-Mar-2023 14:47,MUKANDLTD,Mukand Limited,3039,411359,135.35998683777558
662,Buy,17-Mar-2023 14:28,RAJRATAN,Rajratan Global Wire Limited,14000,10060763,718.6259285714285
663,Buy,17-Mar-2023 14:21,GREAVESCOT,Greaves Cotton Limited,10000,1235000,123.5
664,Buy,17-Mar-2023 14:21,GREAVESCOT,Greaves Cotton Limited,10000,1226900,122.69
665,Buy,17-Mar-2023 14:21,GREAVESCOT,Greaves Cotton Limited,10000,1223900,122.39
666,Buy,17-Mar-2023 14:21,GREAVESCOT,Greaves Cotton Limited,10000,1225000,122.5
667,Buy,17-Mar-2023 14:05,APCOTEXIND,Apcotex Industries Limited,14400,6609600,459.0
668,Sell,17-Mar-2023 14:05,APCOTEXIND,Apcotex Industries Limited,14400,6609600,459.0
669,Buy,17-Mar-2023 13:16,LYKALABS,Lyka Labs Limited,2000000,279000000,139.5
670,Buy,17-Mar-2023 12:49,BAJAJHLDNG,Bajaj Holdings & Investment Limited,736,4446025,6040.794836956522
671,Buy,17-Mar-2023 12:49,BAJAJHLDNG,Bajaj Holdings & Investment Limited,593,3576876,6031.831365935919
672,Buy,17-Mar-2023 12:29,MAHSEAMLES,Maharashtra Seamless Limited,5189,1775525,342.1709385238004
673,Buy,17-Mar-2023 12:10,AVONMORE,Avonmore Capital & Management Services  Limited,1629,100245,61.537753222836095
674,Buy,17-Mar-2023 12:05,MAHSEAMLES,Maharashtra Seamless Limited,29500,10094044,342.17098305084744
675,Buy,17-Mar-2023 12:01,ORIENTBELL,Orient Bell Limited,3000,1514040,504.68
676,Buy,17-Mar-2023 11:58,TEXINFRA,Texmaco Infrastructure & Holdings Limited,6000,318311,53.051833333333335
677,Buy,17-Mar-2023 11:58,TEXINFRA,Texmaco Infrastructure & Holdings Limited,30000,1653014,55.10046666666667
678,Buy,17-Mar-2023 11:50,AVONMORE,Avonmore Capital & Management Services  Limited,300,18375,61.25
679,Buy,17-Mar-2023 11:48,LINCOLN,Lincoln Pharmaceuticals Limited,40000,12968800,324.22
680,Buy,17-Mar-2023 11:48,LINCOLN,Lincoln Pharmaceuticals Limited,7500,2493375,332.45
681,Buy,17-Mar-2023 11:48,CENTRUM,Centrum Capital Limited,200000,4026877,20.134385
682,Sell,17-Mar-2023 11:40,PROZONINTU,Prozone Intu Properties Limited,46251,1137894,24.602581565803984
683,Buy,17-Mar-2023 10:44,STEL,Stel Holdings Limited,8019,1192318,148.68661927921187
684,Buy,17-Mar-2023 10:44,STEL,Stel Holdings Limited,900,135421,150.46777777777777
685,Pledge,16-Mar-2023 19:01,CHAMBLFERT,Chambal Fertilizers & Chemicals Limited,1350000,373477500,276.65
686,Pledge Revoke,16-Mar-2023 18:52,CHAMBLFERT,Chambal Fertilizers & Chemicals Limited,1350000,370710000,274.6
687,Buy,16-Mar-2023 18:34,SARLAPOLY,Sarla Performance Fibers Limited,46823,1678788,35.853917946308435
688,Buy,16-Mar-2023 17:57,GREAVESCOT,Greaves Cotton Limited,10000,1236400,123.64
689,Buy,16-Mar-2023 17:57,GREAVESCOT,Greaves Cotton Limited,10000,1235950,123.595
690,Sell,16-Mar-2023 17:26,INDOAMIN,Indo Amines Limited,15195,1234594,81.25001645278051
691,Sell,16-Mar-2023 17:26,INDOAMIN,Indo Amines Limited,30649,2551222,83.23997520310614
692,Buy,16-Mar-2023 17:11,LINCOLN,Lincoln Pharmaceuticals Limited,51050,0,0.0
693,Buy,16-Mar-2023 16:49,MAHICKRA,Mahickra Chemicals Limited,1500,148125,98.75
694,Sell,16-Mar-2023 16:46,HITECH,Hi-Tech Pipes Limited,60000,52200000,870.0
695,Buy,16-Mar-2023 16:28,ZYDUSWELL,Zydus Wellness Limited,7493,11200912,1494.8501267849992
696,Buy,16-Mar-2023 16:28,ZYDUSWELL,Zydus Wellness Limited,1203,1798632,1495.1221945137156
697,Sell,16-Mar-2023 16:00,MBAPL,Madhya Bharat Agro Products Limited,950,578341,608.78
698,Pledge Revoke,16-Mar-2023 15:34,SWSOLAR,Sterling and Wilson Renewable Energy Limited,1922639,600440160,312.30000015603554
699,Buy,16-Mar-2023 15:33,MFL,Meghmani Finechem Limited,4500,4284811,952.1802222222223
700,Buy,16-Mar-2023 14:53,PRAKASHSTL,Prakash Steelage Limited,5005,21121,4.21998001998002
701,Buy,16-Mar-2023 14:52,PRAKASHSTL,Prakash Steelage Limited,5005,21121,4.21998001998002
702,Buy,16-Mar-2023 13:27,CENTRUM,Centrum Capital Limited,125000,2570464,20.563712
703,Buy,16-Mar-2023 13:06,BAJAJHLDNG,Bajaj Holdings & Investment Limited,1916,11545656,6025.916492693111
704,Buy,16-Mar-2023 13:06,BAJAJHLDNG,Bajaj Holdings & Investment Limited,1500,9054693,6036.462
705,Pledge,16-Mar-2023 12:36,STARCEMENT,Star Cement Limited,25000,2670000,106.8
706,Buy,16-Mar-2023 12:27,LGHL,Laxmi Goldorna House Limited,40000,962000,24.05
707,Buy,16-Mar-2023 12:19,MAHSEAMLES,Maharashtra Seamless Limited,22922,7866177,343.17149463397607
708,Buy,16-Mar-2023 12:19,LGHL,Laxmi Goldorna House Limited,104000,2444000,23.5
709,Buy,16-Mar-2023 12:11,LGHL,Laxmi Goldorna House Limited,296000,6435040,21.74
710,Buy,16-Mar-2023 11:48,PDMJEPAPER,Pudumjee Paper Products Limited,19737,785140,39.78010842579926
711,Buy,16-Mar-2023 11:10,AVONMORE,Avonmore Capital & Management Services  Limited,3500,223088,63.73942857142857
712,Buy,16-Mar-2023 11:00,LINC,Linc Limited,5000,2507736,501.5472
713,Buy,16-Mar-2023 10:54,STEL,Stel Holdings Limited,105,15733,149.83809523809524
714,Buy,16-Mar-2023 10:54,STEL,Stel Holdings Limited,14556,2188038,150.31863149216818
715,Buy,16-Mar-2023 10:12,GATEWAY,Gateway Distriparks Limited,175000,10891954,62.239737142857145
716,Sell,15-Mar-2023 21:56,MARSHALL,Marshall Machines Limited,300000,13320621,44.40207
717,Sell,15-Mar-2023 19:07,MARICO,Marico Limited,450000,221264415,491.6987
718,Sell,15-Mar-2023 19:07,MARICO,Marico Limited,200000,97019580,485.0979
719,Buy,15-Mar-2023 18:44,BAJAJHLDNG,Bajaj Holdings & Investment Limited,612,3680708,6014.228758169935
720,Pledge Invoke,15-Mar-2023 18:43,MEP,MEP Infrastructure Developers Limited,150000,2272500,15.15
721,Buy,15-Mar-2023 18:11,VINEETLAB,Vineet Laboratories Limited,11000,485430,44.13
722,Buy,15-Mar-2023 18:06,SUNTECK,Sunteck Realty Limited,20225,6100857,301.6492954264524
723,Buy,15-Mar-2023 17:49,MITTAL,Mittal Life Style Limited,933950,9339500,10.0
724,Buy,15-Mar-2023 17:49,MITTAL,Mittal Life Style Limited,3000000,30000000,10.0
725,Buy,15-Mar-2023 17:49,MITTAL,Mittal Life Style Limited,1500534,15005340,10.0
726,Buy,15-Mar-2023 17:49,MITTAL,Mittal Life Style Limited,629500,6295000,10.0
727,Buy,15-Mar-2023 17:49,MITTAL,Mittal Life Style Limited,3806584,38065840,10.0
728,Buy,15-Mar-2023 17:49,MITTAL,Mittal Life Style Limited,18334,183340,10.0
729,Buy,15-Mar-2023 17:49,MITTAL,Mittal Life Style Limited,2234098,22340980,10.0
730,Buy,15-Mar-2023 17:49,MITTAL,Mittal Life Style Limited,1706350,17063500,10.0
731,Buy,15-Mar-2023 17:31,CHOICEIN,Choice International Limited,232000,60009120,258.66
732,Buy,15-Mar-2023 17:31,CHOICEIN,Choice International Limited,158000,40922000,259.0
733,Buy,15-Mar-2023 17:31,TOKYOPLAST,Tokyo Plast International Limited,10921,1010399,92.51890852486036
734,Sell,15-Mar-2023 17:19,HITECH,Hi-Tech Pipes Limited,60000,52200000,870.0
735,Buy,15-Mar-2023 16:55,MAHSEAMLES,Maharashtra Seamless Limited,6789,2308595,340.0493445279128
736,Pledge Revoke,15-Mar-2023 16:53,JINDALSTEL,Jindal Steel & Power Limited,2200000,1257410000,571.55
737,Buy,15-Mar-2023 16:44,ZYDUSWELL,Zydus Wellness Limited,9400,14086653,1498.5801063829788
738,Buy,15-Mar-2023 16:44,ZYDUSWELL,Zydus Wellness Limited,1507,2256883,1497.5998672859987
739,Buy,15-Mar-2023 16:37,PRAKASHSTL,Prakash Steelage Limited,10000,42200,4.22
740,Buy,15-Mar-2023 16:30,MITTAL,Mittal Life Style Limited,2234098,22340980,10.0
741,Buy,15-Mar-2023 15:06,MFL,Meghmani Finechem Limited,5000,4838333,967.6666
742,Sell,15-Mar-2023 14:38,MAHINDCIE,Mahindra CIE Automotive Limited,22980000,8212723386,357.3857
743,Buy,15-Mar-2023 14:19,PDMJEPAPER,Pudumjee Paper Products Limited,35726,1422682,39.822034372725746
744,Buy,15-Mar-2023 12:20,MUKANDLTD,Mukand Limited,44562,6022607,135.1511826219649
745,Buy,15-Mar-2023 12:20,MUKANDLTD,Mukand Limited,13294,1799477,135.36008725740936
746,Buy,15-Mar-2023 11:57,AVONMORE,Avonmore Capital & Management Services  Limited,5933,373109,62.887072307433
747,Buy,15-Mar-2023 11:50,VINEETLAB,Vineet Laboratories Limited,10000,419550,41.955
748,Buy,15-Mar-2023 11:44,VINEETLAB,Vineet Laboratories Limited,20000,902183,45.10915
749,Buy,15-Mar-2023 11:39,VINEETLAB,Vineet Laboratories Limited,6593,283697,43.0300318519642
750,Buy,15-Mar-2023 11:31,VINEETLAB,Vineet Laboratories Limited,45000,1881902,41.82004444444444
751,Buy,15-Mar-2023 11:08,STEL,Stel Holdings Limited,500,75225,150.45
752,Buy,15-Mar-2023 11:08,STEL,Stel Holdings Limited,16000,2403496,150.2185
753,Buy,14-Mar-2023 20:07,VINEETLAB,Vineet Laboratories Limited,5000,214780,42.956
754,Buy,14-Mar-2023 18:45,SMSPHARMA,SMS Pharmaceuticals Limited,100000,0,0.0
755,Pledge Invoke,14-Mar-2023 18:39,ARSHIYA,Arshiya Limited,5000000,0,0.0
756,Sell,14-Mar-2023 17:21,INDOAMIN,Indo Amines Limited,9629,826939,85.88004984941323
757,Sell,14-Mar-2023 17:21,INDOAMIN,Indo Amines Limited,16881,1411926,83.6399502399147
758,Sell,14-Mar-2023 17:13,GEOJITFSL,Geojit Financial Services Limited,44017,1993772,45.295499466115366
759,Buy,14-Mar-2023 17:09,ZYDUSWELL,Zydus Wellness Limited,11605,17408142,1500.0553209823352
760,Buy,14-Mar-2023 17:09,ZYDUSWELL,Zydus Wellness Limited,6077,9117915,1500.397400032911
761,Buy,14-Mar-2023 16:53,SOMATEX,Soma Textiles & Industries Limited,6500,182880,28.135384615384616
762,Sell,14-Mar-2023 16:38,GODHA,Godha Cabcon & Insulation Limited,1000000,1150000,1.15
763,Sell,14-Mar-2023 16:19,UNIVASTU,Univastu India Limited,100,9000,90.0
764,Buy,14-Mar-2023 15:25,PDMJEPAPER,Pudumjee Paper Products Limited,68000,2708839,39.835867647058826
765,Buy,14-Mar-2023 14:53,NAHARSPING,Nahar Spinning Mills Limited,3925,915440,233.23312101910827
766,Buy,14-Mar-2023 14:33,AVONMORE,Avonmore Capital & Management Services  Limited,1226,78076,63.68352365415987
767,Buy,14-Mar-2023 14:33,AVONMORE,Avonmore Capital & Management Services  Limited,3483,221804,63.68188343382142
768,Buy,14-Mar-2023 14:10,SDBL,Som Distilleries & Breweries Limited,5000,699004,139.8008
769,Sell,14-Mar-2023 13:01,GRPLTD,GRP Limited,200,547861,2739.305
770,Sell,14-Mar-2023 12:18,EICHERMOT,Eicher Motors Limited,33000,102630000,3110.0
771,Buy,14-Mar-2023 12:18,EICHERMOT,Eicher Motors Limited,33000,102630000,3110.0
772,Sell,14-Mar-2023 12:00,SRPL,Shree Ram Proteins Limited,255000,14512042,56.90996862745098
773,Buy,14-Mar-2023 11:29,STEL,Stel Holdings Limited,8168,1219707,149.32749755142018
774,Buy,14-Mar-2023 11:29,STEL,Stel Holdings Limited,716,109129,152.41480446927375
775,Buy,14-Mar-2023 11:29,ALMONDZ,Almondz Global Securities Limited,1252,80081,63.962460063897765
776,Buy,14-Mar-2023 11:29,ALMONDZ,Almondz Global Securities Limited,102,6558,64.29411764705883
777,Buy,14-Mar-2023 11:19,PRAKASHSTL,Prakash Steelage Limited,10000,42775,4.2775
778,Buy,14-Mar-2023 10:59,MARUTI,Maruti Suzuki India Limited,345200,2958248499,8569.665408458864
779,Buy,14-Mar-2023 09:58,TOKYOPLAST,Tokyo Plast International Limited,13219,1220726,92.34631969135336
780,Buy,14-Mar-2023 00:03,DPWIRES,D P Wires Limited,40,0,0.0
781,Sell,13-Mar-2023 23:56,DPWIRES,D P Wires Limited,0,0,0.0
782,Sell,13-Mar-2023 23:08,MTARTECH,Mtar Technologies Limited,4066,6933969,1705.3539104771273
783,Sell,13-Mar-2023 22:48,MARSHALL,Marshall Machines Limited,150000,6915502,46.10334666666667
784,Sell,13-Mar-2023 22:32,SYNGENE,Syngene International Limited,13866,8043667,580.1000288475408
785,Sell,13-Mar-2023 19:22,SHRENIK,Shrenik Limited,136183,154568,1.13500216620283
786,Sell,13-Mar-2023 18:41,ADFFOODS,ADF Foods Limited,20000,14293144,714.6572
787,Sell,13-Mar-2023 18:18,MBAPL,Madhya Bharat Agro Products Limited,3435,2187050,636.6957787481805
788,Buy,13-Mar-2023 18:13,SUNTECK,Sunteck Realty Limited,17805,5414329,304.0903678741926
789,Pledge Revoke,13-Mar-2023 18:02,EMAMILTD,Emami Limited,1400000,545370000,389.55
790,Pledge,13-Mar-2023 18:02,EMAMILTD,Emami Limited,1300000,502645000,386.65
791,Pledge,13-Mar-2023 18:02,EMAMILTD,Emami Limited,100000,38665000,386.65
792,Pledge Revoke,13-Mar-2023 18:02,EMAMILTD,Emami Limited,1400000,545370000,389.55
793,Pledge,13-Mar-2023 18:02,EMAMILTD,Emami Limited,100000,38665000,386.65
794,Pledge,13-Mar-2023 18:02,EMAMILTD,Emami Limited,1300000,502645000,386.65
795,Pledge Revoke,13-Mar-2023 17:59,MANGCHEFER,Mangalore Chemicals & Fertilizers Limited,2800000,264600000,94.5
796,Sell,13-Mar-2023 17:39,GRPLTD,GRP Limited,7733,0,0.0
797,Buy,13-Mar-2023 17:24,GROBTEA,The Grob Tea Company Limited,100,82623,826.23
798,Buy,13-Mar-2023 16:58,SONAHISONA,Sona Hi Sona Jewellers (Gujarat) Limited,820000,18179400,22.17
799,Buy,13-Mar-2023 16:55,SOMATEX,Soma Textiles & Industries Limited,6000,162399,27.0665
800,Buy,13-Mar-2023 16:20,TEXINFRA,Texmaco Infrastructure & Holdings Limited,8749,475118,54.305406332152245
801,Buy,13-Mar-2023 15:55,PDMJEPAPER,Pudumjee Paper Products Limited,34511,1377389,39.911593405001305
802,Sell,13-Mar-2023 13:18,INDOAMIN,Indo Amines Limited,19263,1666442,86.5099932513108
803,Buy,13-Mar-2023 13:10,SPLPETRO,Supreme Petrochem Limited,400,0,0.0
804,Sell,13-Mar-2023 13:10,SPLPETRO,Supreme Petrochem Limited,400,0,0.0
805,Sell,13-Mar-2023 12:59,GODHA,Godha Cabcon & Insulation Limited,6847331,8743896,1.2769787235347612
806,Buy,13-Mar-2023 12:23,MAHSEAMLES,Maharashtra Seamless Limited,9550,3490762,365.5248167539267
807,Sell,13-Mar-2023 12:20,KPITTECH,KPIT Technologies Limited,5706,4657679,816.2774272695408
808,Sell,13-Mar-2023 12:20,KPITTECH,KPIT Technologies Limited,3294,2729747,828.7027929568914
809,Buy,13-Mar-2023 12:17,PRAKASHSTL,Prakash Steelage Limited,4500,19125,4.25
810,Buy,13-Mar-2023 12:16,ALMONDZ,Almondz Global Securities Limited,2000,129915,64.9575
811,Sell,13-Mar-2023 11:12,GOKEX,Gokaldas Exports Limited,6000000,2345430000,390.905
812,Sell,13-Mar-2023 11:11,SRPL,Shree Ram Proteins Limited,260000,14519150,55.84288461538461
813,Sell,13-Mar-2023 09:46,BAJAJFINSV,Bajaj Finserv Limited,435000,603912998,1388.3057425287357
814,Buy,13-Mar-2023 09:46,BAJAJFINSV,Bajaj Finserv Limited,435000,605477700,1391.9027586206896
815,Buy,13-Mar-2023 09:46,BAJAJFINSV,Bajaj Finserv Limited,100000,136759700,1367.597
816,Buy,13-Mar-2023 09:34,NAHARPOLY,Nahar Poly Films Limited,4925,1010161,205.10883248730966
817,Pledge Invoke,11-Mar-2023 23:27,RELINFRA,Reliance Infrastructure Limited,12250000,1803812500,147.25
818,Pledge,10-Mar-2023 18:40,THYROCARE,Thyrocare Technologies Limited,0,0,0.0
819,Buy,10-Mar-2023 18:29,PRSMJOHNSN,Prism Johnson Limited,23221148,0,0.0
820,Sell,10-Mar-2023 18:29,PRSMJOHNSN,Prism Johnson Limited,23221148,0,0.0
821,Buy,10-Mar-2023 17:13,TEXINFRA,Texmaco Infrastructure & Holdings Limited,2502,129759,51.8621103117506
822,Buy,10-Mar-2023 17:13,TEXINFRA,Texmaco Infrastructure & Holdings Limited,3310,171486,51.80845921450151
823,Buy,10-Mar-2023 17:06,SDBL,Som Distilleries & Breweries Limited,19000,2597718,136.722
824,Buy,10-Mar-2023 16:53,GALLANTT,Gallantt Ispat Limited,1353,80407,59.42867701404287
825,Buy,10-Mar-2023 16:50,RAJRATAN,Rajratan Global Wire Limited,30000,22386080,746.2026666666667
826,Sell,10-Mar-2023 16:49,GODHA,Godha Cabcon & Insulation Limited,3250000,4225000,1.3
827,Buy,10-Mar-2023 16:29,PRAKASHSTL,Prakash Steelage Limited,3000,12750,4.25
828,Buy,10-Mar-2023 16:19,ZYDUSWELL,Zydus Wellness Limited,2150,3211341,1493.646976744186
829,Buy,10-Mar-2023 16:19,ZYDUSWELL,Zydus Wellness Limited,3500,5231079,1494.594
830,Buy,10-Mar-2023 16:19,ZYDUSWELL,Zydus Wellness Limited,1703,2532722,1487.2119788608338
831,Buy,10-Mar-2023 16:19,ZYDUSWELL,Zydus Wellness Limited,3938,5882381,1493.7483494159471
832,Buy,10-Mar-2023 16:03,FAZE3Q,Faze Three Limited,1121000,0,0.0
833,Buy,10-Mar-2023 15:48,LINCOLN,Lincoln Pharmaceuticals Limited,20000,6813000,340.65
834,Buy,10-Mar-2023 15:48,LINCOLN,Lincoln Pharmaceuticals Limited,23000,7887850,342.95
835,Pledge Revoke,10-Mar-2023 15:44,SAKHTISUG,Sakthi Sugars Limited,19493330,413258596,21.2
836,Sell,10-Mar-2023 15:10,PATINTLOG,Patel Integrated Logistics Limited,4875,63375,13.0
837,Buy,10-Mar-2023 14:49,AVONMORE,Avonmore Capital & Management Services  Limited,5000,333749,66.7498
838,Buy,10-Mar-2023 14:49,PATELENG,Patel Engineering Limited,103174603,1299999998,12.600000001938461
839,Sell,10-Mar-2023 14:40,KIRLOSENG,Kirloskar Oil Engines Limited,6652472,2099303882,315.5674885967201
840,Sell,10-Mar-2023 14:40,KIRLOSENG,Kirloskar Oil Engines Limited,12985432,4097024753,315.5093148229493
841,Sell,10-Mar-2023 14:40,KIRLOSENG,Kirloskar Oil Engines Limited,6492716,2048767639,315.54863003402585
842,Buy,10-Mar-2023 13:14,PVR,PVR Limited,15835940,158359400,10.0
843,Buy,10-Mar-2023 13:14,PVR,PVR Limited,150174,1501740,10.0
844,Buy,10-Mar-2023 13:06,PVR,PVR Limited,33000,330000,10.0
845,Buy,10-Mar-2023 13:03,PVR,PVR Limited,282589,2825890,10.0
846,Sell,10-Mar-2023 12:24,JINDALSAW,Jindal Saw Limited,3500000,539551384,154.15753828571428
847,Buy,10-Mar-2023 12:24,JINDALSAW,Jindal Saw Limited,3500000,542029729,154.86563685714285
848,Buy,10-Mar-2023 11:43,PVR,PVR Limited,215992,2159920,10.0
849,Buy,10-Mar-2023 11:30,AIROLAM,Airo Lam limited,800,58000,72.5
850,Sell,10-Mar-2023 10:53,PROZONINTU,Prozone Intu Properties Limited,58000,1417607,24.4415
851,Pledge,10-Mar-2023 10:24,JASH,Jash Engineering Limited,25000,21525000,861.0
852,Pledge,10-Mar-2023 10:24,JASH,Jash Engineering Limited,80000,68640000,858.0
853,Sell,09-Mar-2023 23:48,MARSHALL,Marshall Machines Limited,450200,20850438,46.31372278987117
854,Pledge Invoke,09-Mar-2023 20:26,MTARTECH,Mtar Technologies Limited,3124,5393031,1726.322343149808
855,Pledge Invoke,09-Mar-2023 20:26,MTARTECH,Mtar Technologies Limited,9490,16393275,1727.4262381454162
856,Buy,09-Mar-2023 20:11,SOMATEX,Soma Textiles & Industries Limited,736300,17820441,24.20269047942415
857,Buy,09-Mar-2023 17:39,RGL,Renaissance Global Limited,10000,865658,86.5658
858,Sell,09-Mar-2023 17:37,INDOAMIN,Indo Amines Limited,14454,1285394,88.92998477929984
859,Sell,09-Mar-2023 17:37,INDOAMIN,Indo Amines Limited,19700,1741677,88.41
860,Buy,09-Mar-2023 17:34,SDBL,Som Distilleries & Breweries Limited,35000,4919918,140.5690857142857
861,Pledge Invoke,09-Mar-2023 17:25,SHRENIK,Shrenik Limited,200000,220000,1.1
862,Pledge Invoke,09-Mar-2023 17:25,SHRENIK,Shrenik Limited,150000,172500,1.15
863,Buy,09-Mar-2023 17:19,AVONMORE,Avonmore Capital & Management Services  Limited,3500,228300,65.22857142857143
864,Buy,09-Mar-2023 17:19,AVONMORE,Avonmore Capital & Management Services  Limited,6500,423614,65.17138461538461
865,Sell,09-Mar-2023 16:41,MBAPL,Madhya Bharat Agro Products Limited,1300,876042,673.8784615384616
866,Sell,09-Mar-2023 16:10,URJA,Urja Global Limited,52822,431892,8.176365908144334
867,Sell,09-Mar-2023 16:10,URJA,Urja Global Limited,472492,3840884,8.12899266019319
868,Buy,09-Mar-2023 14:34,SERVOTECH,Servotech Power Systems Limited,10000,41,0.0041
869,Buy,09-Mar-2023 14:34,SERVOTECH,Servotech Power Systems Limited,21447,41,0.0019116892805520586
870,Buy,09-Mar-2023 14:31,PRAKASHSTL,Prakash Steelage Limited,10000,42822,4.2822
871,Sell,09-Mar-2023 12:53,BAJAJFINSV,Bajaj Finserv Limited,125750,169555578,1348.3544970178928
872,Buy,09-Mar-2023 12:53,BAJAJFINSV,Bajaj Finserv Limited,185000,250091881,1351.8480054054055
873,Buy,09-Mar-2023 12:53,BAJAJFINSV,Bajaj Finserv Limited,558000,754331185,1351.8480017921147
874,Sell,09-Mar-2023 12:53,BAJAJFINSV,Bajaj Finserv Limited,617250,832271814,1348.3544981773998
875,Sell,09-Mar-2023 11:51,PATINTLOG,Patel Integrated Logistics Limited,7995,103935,13.0
876,Pledge Revoke,09-Mar-2023 11:18,SUNPHARMA,Sun Pharmaceutical Industries Limited,119837,115672664,965.249997913833
877,Sell,08-Mar-2023 18:04,PATINTLOG,Patel Integrated Logistics Limited,375671,4943701,13.159655656145937
878,Sell,08-Mar-2023 18:04,PATINTLOG,Patel Integrated Logistics Limited,76316,1018689,13.348301797788144
879,Buy,08-Mar-2023 14:48,KAKATCEM,Kakatiya Cement Sugar & Industries Limited,6066,1157976,190.89614243323442
880,Buy,08-Mar-2023 14:27,HLVLTD,HLV LIMITED,70130,701300,10.0
881,Buy,08-Mar-2023 11:07,SICAL,Sical Logistics Limited,61986626,17825492510,287.5699753362927
882,Buy,08-Mar-2023 10:09,MUKANDLTD,Mukand Limited,7020,913560,130.13675213675214
883,Buy,08-Mar-2023 10:09,MUKANDLTD,Mukand Limited,1152,155935,135.36024305555554
884,Sell,08-Mar-2023 10:08,INDOAMIN,Indo Amines Limited,43000,3875160,90.12
885,Buy,07-Mar-2023 20:09,DHAMPURSUG,Dhampur Sugar Mills Limited,4242339,0,0.0
886,Buy,07-Mar-2023 20:09,DHAMPURSUG,Dhampur Sugar Mills Limited,76350,0,0.0
887,Sell,07-Mar-2023 20:09,DHAMPURSUG,Dhampur Sugar Mills Limited,76350,0,0.0
888,Sell,07-Mar-2023 20:09,DHAMPURSUG,Dhampur Sugar Mills Limited,4242339,0,0.0
889,Sell,07-Mar-2023 19:31,URJA,Urja Global Limited,451218,3743344,8.29608747877966
890,Sell,07-Mar-2023 19:31,URJA,Urja Global Limited,49527,415527,8.389908534738627
891,Buy,07-Mar-2023 16:21,LGBBROSLTD,LG Balakrishnan & Bros Limited,3000,2162474,720.8246666666666
892,Sell,07-Mar-2023 13:48,KALYANKJIL,Kalyan Jewellers India Limited,12255000,0,0.0
893,Buy,07-Mar-2023 13:48,KALYANKJIL,Kalyan Jewellers India Limited,12255000,0,0.0
894,Sell,07-Mar-2023 13:48,GPIL,Godawari Power And Ispat limited,768000,281856000,367.0
895,Buy,07-Mar-2023 13:13,MFL,Meghmani Finechem Limited,1282,1313602,1024.650546021841
896,Sell,06-Mar-2023 20:06,KARURVYSYA,Karur Vysya Bank Limited,10000,1023980,102.398
897,Buy,06-Mar-2023 18:56,SDBL,Som Distilleries & Breweries Limited,20000,2460758,123.0379
898,Buy,06-Mar-2023 18:13,SOMATEX,Soma Textiles & Industries Limited,29032,720027,24.801150454670708
899,Sell,06-Mar-2023 18:05,SHRENIK,Shrenik Limited,1001000,1136135,1.135
900,Pledge,06-Mar-2023 17:47,ASAHIINDIA,Asahi India Glass Limited,100000,48185000,481.85
901,Buy,06-Mar-2023 17:16,LINCOLN,Lincoln Pharmaceuticals Limited,5000,1666250,333.25
902,Buy,06-Mar-2023 17:16,LINCOLN,Lincoln Pharmaceuticals Limited,10000,3310000,331.0
903,Buy,06-Mar-2023 17:12,ZYDUSWELL,Zydus Wellness Limited,1659,2403090,1448.517179023508
904,Buy,06-Mar-2023 17:12,ZYDUSWELL,Zydus Wellness Limited,200,289646,1448.23
905,Pledge,06-Mar-2023 17:06,MANGALAM,Mangalam Drugs And Organics Limited,50000,5207500,104.15
906,Buy,06-Mar-2023 16:48,STEL,Stel Holdings Limited,1003,165992,165.49551345962115
907,Buy,06-Mar-2023 16:48,STEL,Stel Holdings Limited,16785,2741149,163.30944295501936
908,Buy,06-Mar-2023 16:48,STEL,Stel Holdings Limited,10122,1572148,155.3198972535072
909,Buy,06-Mar-2023 16:48,STEL,Stel Holdings Limited,34487,5335021,154.6965813204976
910,Buy,06-Mar-2023 16:47,SERVOTECH,Servotech Power Systems Limited,2003,40,0.0199700449326011
911,Sell,06-Mar-2023 16:47,SERVOTECH,Servotech Power Systems Limited,20000,40,0.002
912,Sell,06-Mar-2023 16:11,STARCEMENT,Star Cement Limited,5000,572884,114.5768
913,Buy,06-Mar-2023 15:50,SUPRIYA,Supriya Lifescience Limited,2000,407381,203.6905
914,Buy,06-Mar-2023 15:50,SUPRIYA,Supriya Lifescience Limited,8000,1629526,203.69075
915,Buy,06-Mar-2023 14:52,PRAKASHSTL,Prakash Steelage Limited,5000,21787,4.3574
916,Buy,06-Mar-2023 13:32,PRAKASHSTL,Prakash Steelage Limited,5000,21750,4.35
917,Buy,06-Mar-2023 12:38,KALYANKJIL,Kalyan Jewellers India Limited,700000,0,0.0
918,Buy,06-Mar-2023 12:38,KALYANKJIL,Kalyan Jewellers India Limited,870000,0,0.0
919,Sell,06-Mar-2023 12:38,KALYANKJIL,Kalyan Jewellers India Limited,2745000,0,0.0
920,Buy,06-Mar-2023 12:38,KALYANKJIL,Kalyan Jewellers India Limited,260000,0,0.0
921,Buy,06-Mar-2023 12:38,KALYANKJIL,Kalyan Jewellers India Limited,915000,0,0.0
922,Sell,06-Mar-2023 12:33,MBAPL,Madhya Bharat Agro Products Limited,1800,1135961,631.0894444444444
923,Sell,06-Mar-2023 11:07,INDOAMIN,Indo Amines Limited,17000,1488860,87.58
924,Buy,05-Mar-2023 09:42,SCPL,Sheetal Cool Products Limited,1600,0,0.0
925,Sell,04-Mar-2023 17:40,TARC,TARC Limited,90000000,3331800000,37.02
926,Buy,04-Mar-2023 17:36,TARC,TARC Limited,90000000,3331800000,37.02
927,Sell,04-Mar-2023 17:12,FINCABLES,Finolex Cables Limited,313400,0,0.0
928,Buy,04-Mar-2023 16:59,ELIN,Elin Electronics Limited,19500,2963245,151.96128205128204
929,Buy,04-Mar-2023 16:53,GALLANTT,Gallantt Ispat Limited,9000,529750,58.861111111111114
930,Sell,04-Mar-2023 16:34,SRPL,Shree Ram Proteins Limited,331096,18194732,54.95304080991616
931,Buy,04-Mar-2023 16:32,SMARTLINK,Smartlink Holdings Limited,3359,471499,140.36885977969635
932,Buy,04-Mar-2023 16:32,SMARTLINK,Smartlink Holdings Limited,30149,4427063,146.83946399548907
933,Buy,04-Mar-2023 15:47,PRAKASHSTL,Prakash Steelage Limited,5000,21750,4.35
934,Buy,04-Mar-2023 15:40,LGBBROSLTD,LG Balakrishnan & Bros Limited,13000,9132171,702.4746923076923
935,Sell,04-Mar-2023 15:36,DIVISLAB,Divi's Laboratories Limited,3000,8535000,2845.0
936,Buy,04-Mar-2023 14:19,CHOICEIN,Choice International Limited,200000,52642000,263.21
937,Buy,04-Mar-2023 14:19,CHOICEIN,Choice International Limited,174998,46437469,265.3599983999817
938,Buy,04-Mar-2023 13:26,PASHUPATI,Pashupati Cotspin Limited,8000,886160,110.77
939,Buy,04-Mar-2023 12:04,AVONMORE,Avonmore Capital & Management Services  Limited,3501,226309,64.641245358469
940,Buy,04-Mar-2023 11:50,SDBL,Som Distilleries & Breweries Limited,20500,2464415,120.21536585365854
941,Buy,04-Mar-2023 11:20,ALMONDZ,Almondz Global Securities Limited,1303,84695,65.0
942,Buy,03-Mar-2023 18:10,HCLTECH,HCL Technologies Limited,628976,677935817,1077.840516967261
943,Pledge Revoke,03-Mar-2023 18:08,EMAMILTD,Emami Limited,936000,369766800,395.05
944,Pledge,03-Mar-2023 18:08,EMAMILTD,Emami Limited,2450000,947170000,386.6
945,Pledge Revoke,03-Mar-2023 18:08,EMAMILTD,Emami Limited,314000,121392400,386.6
946,Buy,03-Mar-2023 17:14,NRBBEARING,NRB Bearing Limited,200,27635,138.175
947,Sell,03-Mar-2023 17:02,LXCHEM,Laxmi Organic Industries Limited,540000,141480000,262.0
948,Buy,03-Mar-2023 17:02,LXCHEM,Laxmi Organic Industries Limited,540000,141480000,262.0
949,Pledge Invoke,03-Mar-2023 16:16,SHRENIK,Shrenik Limited,100000,115000,1.15
950,Pledge Invoke,03-Mar-2023 16:16,SHRENIK,Shrenik Limited,150000,172500,1.15
951,Buy,03-Mar-2023 16:10,LGBBROSLTD,LG Balakrishnan & Bros Limited,12000,8345132,695.4276666666667
952,Pledge,03-Mar-2023 16:07,MANGCHEFER,Mangalore Chemicals & Fertilizers Limited,1907881,139847677,73.29999984275749
953,Sell,03-Mar-2023 14:39,DEVIT,Dev Information Technology Limited,37000,0,0.0
954,Buy,03-Mar-2023 14:39,DEVIT,Dev Information Technology Limited,10000,0,0.0
955,Buy,03-Mar-2023 14:33,KAKATCEM,Kakatiya Cement Sugar & Industries Limited,5032,960597,190.8976550079491
956,Buy,03-Mar-2023 13:12,CSLFINANCE,CSL Finance Limited,1000,214029,214.029
957,Buy,03-Mar-2023 12:47,STEL,Stel Holdings Limited,1659,225963,136.20433996383363
958,Buy,03-Mar-2023 12:47,STEL,Stel Holdings Limited,26952,3854902,143.02842089640842
959,Buy,03-Mar-2023 12:47,STEL,Stel Holdings Limited,1659,225963,136.20433996383363
960,Buy,03-Mar-2023 12:47,STEL,Stel Holdings Limited,26952,3854902,143.02842089640842
961,Buy,03-Mar-2023 12:18,BLKASHYAP,B. L. Kashyap and Sons Limited,9000,253390,28.154444444444444
962,Sell,03-Mar-2023 12:08,PROZONINTU,Prozone Intu Properties Limited,182940,4251228,23.238373237126925
963,Buy,03-Mar-2023 12:08,SDBL,Som Distilleries & Breweries Limited,17000,2011390,118.31705882352941
964,Buy,03-Mar-2023 11:51,5PAISA,5Paisa Capital Limited,125000,34324999,274.599992
965,Buy,03-Mar-2023 11:51,5PAISA,5Paisa Capital Limited,75000,20573250,274.31
966,Pledge,03-Mar-2023 11:35,ZUARI,Zuari Agro Chemicals Limited,473477,62641007,132.2999997887965
967,Buy,03-Mar-2023 11:21,AVONMORE,Avonmore Capital & Management Services  Limited,12057,780656,64.74711785684664
968,Buy,03-Mar-2023 11:21,AVONMORE,Avonmore Capital & Management Services  Limited,500,32191,64.382
969,Buy,03-Mar-2023 10:00,GATEWAY,Gateway Distriparks Limited,325000,0,0.0
970,Pledge,02-Mar-2023 18:44,CHAMBLFERT,Chambal Fertilizers & Chemicals Limited,150000,40665000,271.1
971,Buy,02-Mar-2023 18:34,SOMATEX,Soma Textiles & Industries Limited,10500,243545,23.194761904761904
972,Pledge,02-Mar-2023 18:31,CHAMBLFERT,Chambal Fertilizers & Chemicals Limited,50000,13555000,271.1
973,Buy,02-Mar-2023 18:16,RANEENGINE,Rane Engine Valve Limited,343642,99999822,291.0
974,Pledge Revoke,02-Mar-2023 18:11,EMAMILTD,Emami Limited,2000000,789000000,394.5
975,Pledge Revoke,02-Mar-2023 18:11,EMAMILTD,Emami Limited,200000,798700000,3993.5
976,Pledge,02-Mar-2023 18:11,EMAMILTD,Emami Limited,300000,117045000,390.15
977,Pledge,02-Mar-2023 18:11,EMAMILTD,Emami Limited,2500000,975375000,390.15
978,Sell,02-Mar-2023 18:04,INDOAMIN,Indo Amines Limited,15369,1390280,90.46001691717093
979,Sell,02-Mar-2023 18:04,INDOAMIN,Indo Amines Limited,62000,5606660,90.43
980,Buy,02-Mar-2023 17:39,MUKANDLTD,Mukand Limited,460000,57758122,125.56113478260869
981,Buy,02-Mar-2023 17:39,MUKANDLTD,Mukand Limited,25000,3218970,128.7588
982,Buy,02-Mar-2023 17:11,SMARTLINK,Smartlink Holdings Limited,16482,2273609,137.94497027059822
983,Buy,02-Mar-2023 16:54,WEWIN,WE WIN LIMITED,24000,0,0.0
984,Buy,02-Mar-2023 16:52,CHOICEIN,Choice International Limited,190002,48505611,255.29000221050305
985,Buy,02-Mar-2023 16:52,CHOICEIN,Choice International Limited,190000,48444300,254.97
986,Buy,02-Mar-2023 16:39,KAKATCEM,Kakatiya Cement Sugar & Industries Limited,1290,242774,188.1968992248062
987,Buy,02-Mar-2023 16:04,ZYDUSWELL,Zydus Wellness Limited,1688,2447636,1450.021327014218
988,Buy,02-Mar-2023 16:04,ZYDUSWELL,Zydus Wellness Limited,5263,7632673,1450.2513775413263
989,Buy,02-Mar-2023 15:05,SOBHA,Sobha Limited,10000,5605535,560.5535
990,Buy,02-Mar-2023 14:51,DEEPAKNTR,Deepak Nitrite Limited,8500,15291932,1799.0508235294117
991,Buy,02-Mar-2023 12:15,DEEPAKNTR,Deepak Nitrite Limited,4648720,0,0.0
992,Buy,02-Mar-2023 11:24,AVONMORE,Avonmore Capital & Management Services  Limited,750,47810,63.74666666666667
993,Buy,02-Mar-2023 11:24,AVONMORE,Avonmore Capital & Management Services  Limited,380,24173,63.613157894736844
994,Buy,02-Mar-2023 11:18,SUPRIYA,Supriya Lifescience Limited,8000,1584460,198.0575
995,Buy,02-Mar-2023 11:18,SUPRIYA,Supriya Lifescience Limited,2000,396115,198.0575
996,Buy,02-Mar-2023 11:00,CONSOFINVT,Consolidated Finvest & Holdings Limited,1186246,141163274,119.0
997,Buy,02-Mar-2023 10:55,KCP,KCP Limited,8057,768476,95.37991808365396
998,Buy,01-Mar-2023 21:56,ZYDUSWELL,Zydus Wellness Limited,2159,3046560,1411.097730430755
999,Buy,01-Mar-2023 21:56,ZYDUSWELL,Zydus Wellness Limited,58,81479,1404.8103448275863
1000,Sell,01-Mar-2023 18:21,SHRENIK,Shrenik Limited,1291881,1445435,1.118860792905848
1001,Sell,01-Mar-2023 18:10,SRPL,Shree Ram Proteins Limited,444946,21802354,49.0
1002,Pledge,01-Mar-2023 17:03,MEP,MEP Infrastructure Developers Limited,850000,13685000,16.1
1003,Pledge,01-Mar-2023 16:49,JINDALSTEL,Jindal Steel & Power Limited,3600000,1992600000,553.5
1004,Buy,01-Mar-2023 15:58,MFL,Meghmani Finechem Limited,2000,1986354,993.177
1005,Buy,01-Mar-2023 15:02,SOBHA,Sobha Limited,20000,11596529,579.82645
1006,Buy,01-Mar-2023 14:27,SUNDARMFIN,Sundaram Finance Limited,365924,0,0.0
1007,Sell,01-Mar-2023 14:27,SUNDARMFIN,Sundaram Finance Limited,365924,0,0.0
1008,Sell,01-Mar-2023 13:30,SVPGLOB,SVP GLOBAL TEXTILES LIMITED,573662,9735044,16.969999755953854
1009,Buy,01-Mar-2023 12:57,SUNDARMHLD,Sundaram Finance Holdings Limited,584769,0,0.0
1010,Sell,01-Mar-2023 12:57,SUNDARMHLD,Sundaram Finance Holdings Limited,584769,0,0.0
1011,Buy,01-Mar-2023 12:27,BLISSGVS,Bliss GVS Pharma Limited,300000,23724714,79.08238
1012,Buy,01-Mar-2023 12:20,MARKSANS,Marksans Pharma Limited,75000,5059525,67.46033333333334
1013,Buy,01-Mar-2023 12:08,STEL,Stel Holdings Limited,10,1330,133.0
1014,Buy,01-Mar-2023 12:08,STEL,Stel Holdings Limited,564,74697,132.44148936170214
1015,Buy,01-Mar-2023 12:08,STEL,Stel Holdings Limited,3247,438207,134.95749923005852
1016,Buy,01-Mar-2023 12:08,STEL,Stel Holdings Limited,10181,1366687,134.23897456045574
1017,Buy,01-Mar-2023 12:08,DEEPAKNTR,Deepak Nitrite Limited,2500,4509528,1803.8112
1018,Buy,01-Mar-2023 11:53,AVONMORE,Avonmore Capital & Management Services  Limited,1156,74484,64.4325259515571
1019,Buy,01-Mar-2023 11:07,ALMONDZ,Almondz Global Securities Limited,1250,79800,63.84
1020,Buy,01-Mar-2023 11:07,ALMONDZ,Almondz Global Securities Limited,610,38904,63.77704918032787
